date,option,qty,price,exchange,bidask,delta,IV,underlying
12:59:46,15 MAY 20 2.5 C,1,.01,BATS,.00x.05,.06,251.69%,1.135,,
12:59:44,15 MAY 20 1 C,8,.25,PHLX,.21x.27,.70,236.87%,1.135,,
12:59:34,15 MAY 20 0.5 P,1,.02,NASDAQ,.01x.02,-.05,359.63%,1.135,,
12:59:13,8 MAY 20 1 P,1,.06,BEST,.05x.06,-.27,260.84%,1.135,,
12:58:49,5 JUN 20 0.5 P,20,.02,CBOE,.01x.04,-.05,210.62%,1.13,,
12:58:49,21 JAN 22 1 C,10,.68,BEST,.68x.70,.81,117.97%,1.13,,
12:58:06,15 JAN 21 3 C,9,.13,NYSE,.13x.14,.29,112.18%,1.13,,
12:58:01,8 MAY 20 1 P,1,.06,BEST,.05x.06,-.28,257.31%,1.13,,
12:57:33,5 JUN 20 1 P,4,.12,BEST,.12x.19,-.31,143.72%,1.13,,
12:57:20,8 MAY 20 2 C,100,.01,AMEX,.00x.01,.07,328.54%,1.13,,
12:57:09,22 MAY 20 1.5 C,1,.09,BEST,.09x.11,.34,199.09%,1.13,,
12:56:37,21 JAN 22 1 C,1,.68,NYSE,.68x.70,.81,117.97%,1.13,,
12:56:36,15 MAY 20 1 C,1,.23,PHLX,.21x.25,.70,212.85%,1.13,,
12:56:20,8 MAY 20 1.5 P,1,.39,CBOE,.38x.40,-.82,244.65%,1.13,,
12:56:16,8 MAY 20 1 P,1,.05,AMEX,.05x.06,-.26,230.88%,1.13,,
12:55:36,5 JUN 20 1 P,3,.12,BEST,.12x.14,-.31,143.72%,1.13,,
12:55:30,19 JUN 20 0.5 P,3,.03,BEST,.03x.04,-.06,197.39%,1.13,,
12:55:16,22 MAY 20 1 P,1,.12,BEST,.11x.12,-.31,190.87%,1.13,,
12:54:38,19 JUN 20 1.5 C,1,.15,BEST,.11x.16,.42,163.08%,1.13,,
12:51:00,15 MAY 20 1.5 C,5,.06,BEST,.06x.07,.28,209.28%,1.135,,
12:49:25,8 MAY 20 1 C,1,.20,NASDAQ,.18x.21,.71,281.00%,1.13,,
12:49:18,5 JUN 20 1.5 C,1,.12,PHLX,.11x.18,.39,172.77%,1.13,,
12:48:30,8 MAY 20 1.5 P,3,.39,CBOE,.39x.40,-.79,263.47%,1.1374,,
12:46:38,8 MAY 20 0.5 C,2,.65,PHLX,.63x.65,.95,595.48%,1.13,,
12:46:12,15 MAY 20 1.5 C,2,.07,CBOE,.06x.07,.30,226.28%,1.13,,
12:45:10,22 MAY 20 1.5 C,1,.11,NYSE,.09x.11,.37,220.39%,1.13,,
12:45:10,22 MAY 20 1 P,1,.12,NYSE,.11x.12,-.31,190.87%,1.13,,
12:44:36,8 MAY 20 1 C,1,.21,AMEX,.20x.21,.71,296.88%,1.135,,
12:44:25,21 JAN 22 2 C,2,.50,NYSE,.50x.60,.67,116.14%,1.135,,
12:44:24,15 MAY 20 1 P,3,.08,PHLX,.08x.09,-.29,187.49%,1.135,,
12:43:31,15 MAY 20 1 P,3,.09,BATS,.08x.09,-.29,202.18%,1.135,,
12:43:23,17 JUL 20 1 P,2,.23,PHLX,.21x.25,-.29,158.71%,1.135,,
12:42:52,22 MAY 20 1.5 C,17,.12,PHLX,.09x.13,.39,228.86%,1.135,,
12:42:29,21 JAN 22 2 C,3,.53,BEST,.45x.53,.69,121.83%,1.135,,
12:42:08,15 JAN 21 0.5 C,1,.79,NYSE,.79x.88,.90,160.18%,1.135,,
12:42:08,15 JAN 21 0.5 C,2,.79,NYSE,.75x.79,.90,160.18%,1.135,,
12:40:18,21 JAN 22 1 C,2,.70,NASDAQ,.65x.70,.82,122.03%,1.135,,
12:40:14,8 MAY 20 1 P,6,.06,BEST,.05x.06,-.27,260.84%,1.135,,
12:39:21,8 MAY 20 1 P,100,.05,PHLX,.05x.06,-.26,230.88%,1.13,,
12:38:15,15 MAY 20 0.5 C,1,.67,BOX,.65x.67,.93,438.58%,1.13,,
12:35:59,8 MAY 20 2 C,1,.01,BEST,.00x.01,.07,328.54%,1.13,,
12:35:04,15 MAY 20 1 P,4,.08,PHLX,.08x.09,-.29,185.31%,1.13,,
12:34:53,15 MAY 20 1.5 C,8,.06,BEST,.06x.07,.28,209.28%,1.135,,
12:34:53,15 MAY 20 1.5 C,12,.06,NASDAQ,.06x.07,.28,209.28%,1.135,,
12:31:06,15 MAY 20 1 C,4,.23,NYSE,.23x.25,.70,207.77%,1.135,,
12:29:08,8 MAY 20 1.5 C,20,.04,CBOE,.03x.04,.23,299.30%,1.13,,
12:29:08,15 MAY 20 1.5 C,20,.06,CBOE,.06x.08,.28,211.40%,1.13,,
12:27:35,15 JAN 21 1 C,1,.50,BEST,.49x.50,.75,122.46%,1.1371,,
12:25:43,8 MAY 20 1 P,10,.05,AMEX,.05x.06,-.26,230.88%,1.13,,
12:25:43,8 MAY 20 1 P,5,.05,AMEX,.05x.06,-.26,230.88%,1.13,,
12:25:43,8 MAY 20 1 P,15,.05,BEST,.05x.06,-.26,230.88%,1.13,,
12:23:18,8 MAY 20 1 P,4,.06,BEST,.05x.06,-.27,260.84%,1.135,,
12:23:18,8 MAY 20 1 P,1,.06,BEST,.05x.06,-.27,260.84%,1.135,,
12:22:53,8 MAY 20 1 P,5,.05,NASDAQ,.05x.06,-.26,234.28%,1.135,,
12:22:40,15 MAY 20 1 P,28,.10,PHLX,.09x.10,-.30,216.72%,1.135,,
12:22:17,8 MAY 20 1 P,3,.06,BEST,.05x.06,-.27,260.84%,1.135,,
12:21:17,5 JUN 20 1.5 C,2,.14,NYSE,.14x.16,.41,186.68%,1.135,,
12:19:25,8 MAY 20 1.5 C,10,.03,BEST,.03x.04,.19,268.79%,1.13,,
12:19:25,8 MAY 20 1.5 C,6,.03,BEST,.03x.04,.19,268.79%,1.13,,
12:19:25,8 MAY 20 1.5 C,28,.03,BEST,.03x.04,.19,268.79%,1.13,,
12:19:25,8 MAY 20 1.5 C,15,.03,BEST,.03x.04,.19,268.79%,1.13,,
12:19:25,8 MAY 20 1.5 C,121,.03,NASDAQ,.03x.04,.19,268.79%,1.13,,
12:18:32,8 MAY 20 1 C,1,.21,AMEX,.20x.21,.71,296.88%,1.135,,
12:18:26,15 JAN 21 2 C,6,.23,BEST,.23x.24,.46,111.69%,1.135,,
12:18:26,15 JAN 21 2 C,1,.23,BEST,.23x.24,.46,111.69%,1.135,,
12:17:30,22 MAY 20 1.5 C,1,.09,AMEX,.09x.13,.34,199.09%,1.13,,
12:17:15,15 JAN 21 1 C,1,.50,BEST,.50x.51,.75,124.21%,1.13,,
12:17:09,8 MAY 20 1.5 P,1,.40,NYSE,.39x.40,-.78,276.13%,1.13,,
12:17:09,8 MAY 20 1.5 P,1,.40,NASDAQ,.39x.40,-.78,276.13%,1.13,,
12:16:09,15 MAY 20 1 C,10,.23,BEST,.21x.24,.70,212.85%,1.13,,
12:16:09,15 MAY 20 1 C,10,.23,BEST,.21x.24,.70,212.85%,1.13,,
12:15:36,8 MAY 20 1.5 C,1,.03,BEST,.03x.04,.19,265.82%,1.135,,
12:15:36,8 MAY 20 1.5 C,3,.03,BEST,.03x.04,.19,265.82%,1.135,,
12:15:23,5 JUN 20 1 C,2,.30,NASDAQ,.14x.34,.70,180.33%,1.135,,
12:15:16,17 JUL 20 1.5 C,1,.19,BATS,.18x.19,.47,146.90%,1.135,,
12:15:11,8 MAY 20 1 P,1,.05,AMEX,.05x.06,-.26,234.28%,1.135,,
12:14:58,8 MAY 20 1 P,2,.05,AMEX,.05x.06,-.26,234.28%,1.135,,
12:14:43,29 MAY 20 1.5 C,7,.11,AMEX,.11x.13,.37,185.14%,1.135,,
12:14:43,8 MAY 20 1.5 C,7,.04,AMEX,.03x.04,.23,295.02%,1.135,,
12:14:42,29 MAY 20 1.5 C,15,.12,ISE,.11x.13,.39,193.98%,1.135,,
12:14:42,8 MAY 20 1.5 C,15,.05,ISE,.03x.04,.23,295.02%,1.135,,
12:14:42,29 MAY 20 1.5 C,8,.11,CBOE,.11x.13,.37,185.14%,1.135,,
12:14:42,8 MAY 20 1.5 C,8,.04,CBOE,.03x.04,.23,295.02%,1.135,,
12:12:25,15 MAY 20 1.5 P,2,.44,AMEX,.42x.44,-.67,236.80%,1.135,,
12:11:54,8 MAY 20 1.5 C,9,.04,BEST,.03x.04,.23,299.30%,1.13,,
12:11:54,8 MAY 20 1.5 C,1,.04,BEST,.03x.04,.23,299.30%,1.13,,
12:11:53,21 JAN 22 0.5 C,3,.78,PHLX,.78x.84,.91,96.22%,1.13,,
12:11:24,16 OCT 20 0.5 C,5,.72,PHLX,.72x.75,.91,151.33%,1.13,,
12:11:20,8 MAY 20 1.5 C,1,.03,BEST,.03x.04,.19,268.79%,1.13,,
12:11:13,17 JUL 20 1.5 P,1,.54,CBOE,.54x.57,-.53,145.25%,1.13,,
12:11:13,17 JUL 20 1.5 C,1,.18,CBOE,.18x.19,.46,143.18%,1.13,,
12:11:08,17 JUL 20 1.5 P,1,.54,CBOE,.54x.57,-.53,145.25%,1.13,,
12:11:08,17 JUL 20 1.5 C,1,.18,CBOE,.18x.19,.46,143.18%,1.13,,
12:11:03,17 JUL 20 1.5 P,1,.54,CBOE,.54x.57,-.53,145.25%,1.13,,
12:11:03,17 JUL 20 1.5 C,1,.18,CBOE,.18x.19,.46,143.18%,1.13,,
12:10:06,8 MAY 20 1 P,15,.05,AMEX,.05x.06,-.26,235.63%,1.137,,
12:10:06,8 MAY 20 1 P,5,.05,AMEX,.05x.06,-.26,235.63%,1.137,,
12:10:06,8 MAY 20 1 P,10,.05,AMEX,.05x.06,-.26,235.63%,1.137,,
12:10:06,8 MAY 20 1 P,50,.05,AMEX,.05x.06,-.26,235.63%,1.137,,
12:10:05,15 MAY 20 1 P,5,.08,CBOE,.08x.09,-.29,188.35%,1.137,,
12:08:28,15 MAY 20 1.5 C,10,.06,BATS,.05x.06,.28,210.34%,1.1325,,
12:08:28,15 MAY 20 1.5 C,3,.06,BATS,.05x.06,.28,210.34%,1.1325,,
12:08:28,15 MAY 20 1.5 C,7,.06,NASDAQ,.05x.06,.28,210.34%,1.1325,,
12:08:28,15 MAY 20 1.5 C,6,.06,BEST,.05x.06,.28,210.34%,1.1325,,
12:08:06,21 JAN 22 0.5 C,1,.79,PHLX,.77x.84,.91,99.39%,1.1325,,
12:06:17,16 OCT 20 0.5 C,1,.73,PHLX,.72x.75,.91,151.75%,1.1399,,
12:05:32,8 MAY 20 1 P,5,.06,BEST,.05x.06,-.27,264.26%,1.1399,,
12:05:21,8 MAY 20 1 P,5,.05,CBOE,.05x.06,-.26,237.58%,1.1399,,
12:05:21,8 MAY 20 1 P,5,.05,CBOE,.05x.06,-.26,237.58%,1.1399,,
12:04:06,16 OCT 20 0.5 C,1,.73,CBOE,.72x.77,.91,151.75%,1.1399,,
12:03:25,8 MAY 20 1.5 C,2,.03,BEST,.03x.04,.19,265.82%,1.135,,
12:01:37,22 MAY 20 1 C,1,.27,NYSE,.25x.27,.69,211.27%,1.13,,
12:01:37,22 MAY 20 1 P,1,.12,NYSE,.11x.12,-.31,190.87%,1.13,,
12:01:37,22 MAY 20 1 C,1,.26,NYSE,.25x.26,.69,199.95%,1.13,,
12:01:37,22 MAY 20 1 P,1,.13,NYSE,.11x.12,-.31,190.87%,1.13,,
12:01:10,15 MAY 20 1 C,1,.22,BATS,.21x.24,.70,198.26%,1.13,,
12:00:16,16 OCT 20 0.5 C,1,.73,PHLX,.72x.74,.91,157.24%,1.1325,,
11:59:47,8 MAY 20 1 P,85,.05,PHLX,.05x.06,-.26,232.59%,1.1325,,
11:59:42,17 JUL 20 1.5 C,2,.18,AMEX,.18x.19,.46,142.61%,1.1325,,
11:59:42,17 JUL 20 1 C,2,.34,AMEX,.33x.38,.70,140.75%,1.1325,,
11:59:26,16 OCT 20 0.5 C,1,.72,BOX,.72x.75,.91,149.13%,1.1325,,
11:59:26,16 OCT 20 0.5 C,1,.72,BOX,.72x.75,.91,149.13%,1.1325,,
11:57:22,15 MAY 20 1 P,5,.07,PHLX,.07x.09,-.29,170.53%,1.13,,
11:56:51,22 MAY 20 1 C,1,.27,NYSE,.27x.28,.69,211.27%,1.13,,
11:54:12,8 MAY 20 1.5 P,1,.40,PHLX,.39x.41,-.76,292.06%,1.137,,
11:53:48,8 MAY 20 1 P,5,.05,AMEX,.05x.06,-.26,230.88%,1.13,,
11:53:48,8 MAY 20 1 P,5,.05,NASDAQ,.05x.06,-.26,230.88%,1.13,,
11:52:17,8 MAY 20 1.5 P,9,.39,BEST,.39x.41,-.80,257.55%,1.135,,
11:52:17,8 MAY 20 1.5 P,5,.39,AMEX,.39x.41,-.80,257.55%,1.135,,
11:52:17,8 MAY 20 1.5 P,2,.39,BOX,.39x.41,-.80,257.55%,1.135,,
11:52:17,8 MAY 20 1.5 P,1,.39,NYSE,.39x.41,-.80,257.55%,1.135,,
11:52:17,8 MAY 20 1.5 P,2,.39,NYSE,.39x.41,-.80,257.55%,1.135,,
11:51:32,8 MAY 20 1.5 P,1,.40,NASDAQ,.40x.41,-.77,287.48%,1.135,,
11:50:41,8 MAY 20 1 C,1,.21,AMEX,.20x.21,.71,305.51%,1.13,,
11:50:17,17 JUL 20 2 C,1,.11,AMEX,.10x.11,.31,149.64%,1.13,,
11:49:54,8 MAY 20 1.5 P,1,.41,BEST,.40x.41,-.75,305.03%,1.13,,
11:49:36,8 MAY 20 1.5 C,8,.03,NYSE,.03x.04,.19,268.79%,1.13,,
11:49:36,8 MAY 20 1.5 C,15,.03,NYSE,.03x.04,.19,268.79%,1.13,,
11:49:36,8 MAY 20 1.5 C,1,.03,NYSE,.03x.04,.19,268.79%,1.13,,
11:49:36,8 MAY 20 1.5 C,6,.03,NYSE,.03x.04,.19,268.79%,1.13,,
11:48:59,21 JAN 22 1 C,1,.68,BEST,.68x.70,.81,117.95%,1.1301,,
11:48:33,17 JUL 20 4 C,49,.01,BEST,.01x.03,.04,137.90%,1.1301,,
11:48:33,17 JUL 20 4 C,14,.01,PHLX,.01x.03,.04,137.90%,1.1301,,
11:48:33,17 JUL 20 4 C,3,.01,NYSE,.01x.03,.04,137.90%,1.1301,,
11:48:33,17 JUL 20 4 C,1,.01,NYSE,.01x.03,.04,137.90%,1.1301,,
11:48:33,17 JUL 20 4 C,14,.01,NASDAQ,.01x.03,.04,137.90%,1.1301,,
11:48:33,17 JUL 20 4 C,1,.01,BATS,.01x.03,.04,137.90%,1.1301,,
11:47:32,22 MAY 20 2 C,6,.04,PHLX,.03x.07,.17,215.03%,1.13,,
11:46:13,5 JUN 20 1 C,8,.32,BOX,.30x.34,.70,198.20%,1.1335,,
11:46:07,19 JUN 20 2 C,1,.08,BEST,.08x.09,.26,167.52%,1.1335,,
11:45:54,5 JUN 20 2 C,1,.07,BATS,.06x.08,.24,192.54%,1.13,,
11:44:24,22 MAY 20 0.5 P,10,.02,BOX,.01x.02,-.05,280.42%,1.1302,,
11:44:24,22 MAY 20 0.5 P,2,.02,CBOE,.01x.02,-.05,280.42%,1.1302,,
11:44:24,22 MAY 20 0.5 P,4,.02,BEST,.01x.02,-.05,280.42%,1.1302,,
11:44:24,22 MAY 20 0.5 P,1,.02,BATS,.01x.02,-.05,280.42%,1.1302,,
11:44:24,22 MAY 20 0.5 P,2,.02,BATS,.01x.02,-.05,280.42%,1.1302,,
11:44:24,22 MAY 20 0.5 P,1,.02,NASDAQ,.01x.02,-.05,280.42%,1.1302,,
11:43:59,8 MAY 20 1.5 P,1,.41,NASDAQ,.40x.41,-.75,305.03%,1.13,,
11:43:20,15 MAY 20 0.5 C,1,.65,BEST,.62x.66,.95,356.72%,1.13,,
11:42:35,8 MAY 20 1.5 P,13,.41,NASDAQ,.40x.41,-.75,305.03%,1.13,,
11:42:35,8 MAY 20 1.5 P,5,.41,AMEX,.40x.41,-.75,305.03%,1.13,,
11:42:31,8 MAY 20 1.5 C,1,.03,BEST,.03x.04,.19,268.79%,1.13,,
11:42:27,8 MAY 20 1.5 C,1,.03,BEST,.03x.04,.19,268.79%,1.13,,
11:42:19,8 MAY 20 1.5 C,1,.04,PHLX,.03x.04,.23,299.30%,1.13,,
11:41:36,8 MAY 20 1.5 C,1,.03,BEST,.03x.04,.19,268.79%,1.13,,
11:40:02,17 JUL 20 0.5 P,15,.06,PHLX,.05x.07,-.08,197.92%,1.1325,,
11:39:14,16 OCT 20 1 C,7,.47,BOX,.45x.50,.74,141.67%,1.1377,,
11:36:10,15 MAY 20 1 P,2,.08,BEST,.07x.08,-.29,187.49%,1.135,,
11:36:10,15 MAY 20 1 P,1,.08,BEST,.07x.08,-.29,187.49%,1.135,,
11:34:15,15 MAY 20 1 C,1,.23,BEST,.21x.23,.70,212.85%,1.13,,
11:34:15,15 MAY 20 1 P,1,.08,BEST,.07x.08,-.29,185.31%,1.13,,
11:34:03,8 MAY 20 2.5 P,1,1.37,PHLX,1.34x1.39,-1.00,0.00%,1.13,,
11:33:33,8 MAY 20 1.5 C,1,.03,BEST,.03x.04,.19,266.41%,1.134,,
11:32:10,29 MAY 20 1.5 C,1,.13,PHLX,.10x.13,.40,204.48%,1.13,,
11:31:35,15 MAY 20 0.5 P,1,.01,BEST,.01x.02,-.03,303.15%,1.13,,
11:31:35,15 MAY 20 0.5 P,1,.01,BEST,.01x.02,-.03,303.15%,1.13,,
11:31:09,22 MAY 20 1.5 C,2,.09,BEST,.08x.09,.34,199.09%,1.13,,
11:30:34,22 MAY 20 0.5 P,32,.02,PHLX,.01x.02,-.05,281.36%,1.135,,
11:30:27,19 JUN 20 1 C,1,.33,BATS,.32x.34,.70,171.16%,1.135,,
11:30:10,8 MAY 20 1 P,1,.06,BEST,.05x.06,-.27,260.84%,1.135,,
11:29:00,8 MAY 20 1 C,1,.21,BEST,.18x.21,.71,296.88%,1.135,,
11:27:58,16 OCT 20 0.5 P,2,.10,PHLX,.06x.14,-.09,166.63%,1.1399,,
11:27:16,15 MAY 20 1 P,1,.08,BEST,.07x.08,-.29,189.60%,1.1399,,
11:26:51,8 MAY 20 1.5 C,12,.04,BEST,.03x.04,.23,299.30%,1.13,,
11:26:51,8 MAY 20 1.5 C,7,.04,BEST,.03x.04,.23,299.30%,1.13,,
11:26:51,8 MAY 20 1.5 C,2,.04,CBOE,.03x.04,.23,299.30%,1.13,,
11:26:51,8 MAY 20 1.5 C,4,.04,BEST,.03x.04,.23,299.30%,1.13,,
11:26:40,19 JUN 20 1 P,3,.19,BATS,.18x.19,-.30,169.94%,1.13,,
11:26:14,19 JUN 20 1 P,1,.19,BEST,.18x.19,-.30,169.94%,1.13,,
11:25:22,22 MAY 20 1.5 C,1,.10,PHLX,.08x.11,.36,209.80%,1.13,,
11:23:32,17 JUL 20 0.5 P,6,.06,BATS,.05x.06,-.08,198.18%,1.135,,
11:23:32,17 JUL 20 0.5 P,14,.06,BATS,.05x.06,-.08,198.18%,1.135,,
11:22:35,17 JUL 20 0.5 P,20,.05,PHLX,.05x.06,-.08,185.50%,1.1375,,
11:20:39,8 MAY 20 1.5 C,90,.03,BEST,.03x.04,.19,268.79%,1.13,,
11:20:39,8 MAY 20 1.5 C,10,.03,BEST,.03x.04,.19,268.79%,1.13,,
11:20:37,8 MAY 20 1 P,1,.06,BEST,.05x.06,-.28,257.31%,1.13,,
11:20:36,22 MAY 20 1.5 P,2,.48,BATS,.41x.50,-.61,226.05%,1.13,,
11:20:27,17 JUL 20 0.5 P,10,.06,NASDAQ,.05x.06,-.09,197.65%,1.13,,
11:18:27,15 JAN 21 0.5 P,5,.12,PHLX,.12x.14,-.10,146.86%,1.13,,
11:18:20,8 MAY 20 1 C,3,.20,CBOE,.18x.20,.71,281.00%,1.13,,
11:18:20,8 MAY 20 1 C,3,.20,CBOE,.18x.20,.71,281.00%,1.13,,
11:18:20,8 MAY 20 1 C,2,.20,NYSE,.18x.20,.71,281.00%,1.13,,
11:18:20,8 MAY 20 1 C,7,.20,NASDAQ,.18x.20,.71,281.00%,1.13,,
11:18:18,8 MAY 20 1 C,2,.20,NYSE,.18x.20,.71,281.00%,1.13,,
11:18:18,8 MAY 20 1 C,1,.20,NYSE,.18x.20,.71,281.00%,1.13,,
11:18:18,8 MAY 20 1 C,1,.20,NYSE,.18x.20,.71,281.00%,1.13,,
11:18:18,8 MAY 20 1 C,1,.20,BATS,.18x.20,.71,281.00%,1.13,,
11:18:18,8 MAY 20 1 C,10,.20,BATS,.20x.20,.71,281.00%,1.13,,
11:18:18,8 MAY 20 1 C,10,.20,BEST,.20x.20,.71,281.00%,1.13,,
11:18:18,8 MAY 20 1 C,2,.20,BEST,.20x.20,.71,281.00%,1.13,,
11:18:18,8 MAY 20 1 C,8,.20,NASDAQ,.20x.23,.71,281.00%,1.13,,
11:18:08,17 JUL 20 0.5 P,6,.06,BEST,.05x.06,-.09,197.65%,1.13,,
11:18:08,17 JUL 20 0.5 P,10,.06,BEST,.05x.06,-.09,197.65%,1.13,,
11:18:08,15 MAY 20 3 P,1,1.88,BATS,1.85x1.91,-.62,497.06%,1.13,,
11:17:58,21 JAN 22 0.5 C,1,.84,BATS,.84x.90,.91,120.87%,1.13,,
11:17:36,29 MAY 20 0.5 P,1,.02,NASDAQ,.02x.03,-.05,238.10%,1.13,,
11:17:35,17 JUL 20 0.5 P,15,.05,PHLX,.05x.06,-.08,184.71%,1.13,,
11:17:24,8 MAY 20 1.5 C,1,.03,BEST,.03x.04,.19,268.79%,1.13,,
11:17:24,15 MAY 20 3 P,1,1.88,BATS,1.88x1.91,-.62,497.06%,1.13,,
11:16:15,17 JUL 20 0.5 P,6,.06,BEST,.05x.06,-.09,197.65%,1.13,,
11:16:15,17 JUL 20 0.5 P,9,.06,BEST,.05x.06,-.09,197.65%,1.13,,
11:16:14,8 MAY 20 1 P,2,.05,BEST,.05x.06,-.26,230.88%,1.13,,
11:13:57,8 MAY 20 1.5 C,1,.04,CBOE,.03x.04,.23,296.87%,1.132,,
11:13:23,8 MAY 20 1.5 C,100,.04,PHLX,.03x.04,.23,296.87%,1.132,,
11:12:42,8 MAY 20 1 P,3,.06,BEST,.05x.06,-.28,257.38%,1.1301,,
11:12:33,8 MAY 20 1 P,10,.05,BEST,.05x.06,-.26,230.95%,1.1301,,
11:10:23,8 MAY 20 1.5 P,1,.40,NYSE,.39x.40,-.77,287.48%,1.135,,
11:10:23,8 MAY 20 1.5 P,3,.40,NASDAQ,.39x.40,-.77,287.48%,1.135,,
11:10:23,8 MAY 20 1.5 P,1,.40,NASDAQ,.39x.40,-.77,287.48%,1.135,,
11:10:23,8 MAY 20 1.5 P,2,.40,BEST,.39x.40,-.77,287.48%,1.135,,
11:09:59,15 MAY 20 1 P,2,.08,BEST,.07x.08,-.29,189.60%,1.1399,,
11:09:11,17 JUL 20 2 C,10,.10,PHLX,.09x.12,.29,142.36%,1.1399,,
11:08:34,8 MAY 20 1 P,1,.06,BEST,.05x.06,-.27,260.84%,1.135,,
11:08:32,8 MAY 20 1 C,10,.19,CBOE,.18x.20,.73,246.03%,1.135,,
11:08:05,15 JAN 21 0.5 C,1,.76,PHLX,.75x.80,.90,141.68%,1.135,,
11:06:43,15 MAY 20 1 C,1,.22,BEST,.22x.23,.72,188.01%,1.1399,,
11:04:19,5 JUN 20 2 P,1,.95,NYSE,.95x1.53,-.65,224.98%,1.135,,
11:03:50,15 MAY 20 1 C,1,.22,NYSE,.21x.22,.71,194.46%,1.1337,,
11:03:44,8 MAY 20 1 C,2,.19,CBOE,.18x.20,.73,248.46%,1.1337,,
11:03:44,22 MAY 20 1 C,2,.24,CBOE,.26x.27,.70,197.06%,1.1337,,
11:03:29,8 MAY 20 1 P,1,.06,BEST,.05x.06,-.27,259.93%,1.1337,,
11:03:25,15 MAY 20 0.5 C,100,.65,PHLX,.64x.66,.95,337.62%,1.1337,,
11:01:47,29 MAY 20 1 C,1,.29,PHLX,.29x.33,.69,196.44%,1.1325,,
11:01:22,19 JUN 20 1.5 C,1,.15,PHLX,.14x.16,.42,162.41%,1.1325,,
10:59:46,15 MAY 20 1.5 C,50,.06,CBOE,.05x.06,.28,209.11%,1.1354,,
10:58:35,15 JAN 21 0.5 C,1,.80,NYSE,.80x.91,.90,166.36%,1.1354,,
10:57:39,22 MAY 20 1 P,1,.12,PHLX,.10x.13,-.30,194.15%,1.1395,,
10:56:43,8 MAY 20 1 C,1,.19,CBOE,.18x.20,.73,246.03%,1.135,,
10:56:23,8 MAY 20 1 P,3,.05,BEST,.05x.06,-.26,234.28%,1.135,,
10:56:23,8 MAY 20 1 P,7,.05,BEST,.05x.06,-.26,234.28%,1.135,,
10:56:22,15 MAY 20 1 C,4,.22,NASDAQ,.21x.22,.71,193.11%,1.135,,
10:56:21,15 MAY 20 1.5 C,3,.05,PHLX,.05x.06,.26,193.98%,1.135,,
10:54:40,16 OCT 20 0.5 C,1,.75,CBOE,.72x.77,.91,167.40%,1.14,,
10:53:44,5 JUN 20 1.5 C,1,.11,BEST,.11x.13,.37,161.99%,1.14,,
10:53:39,8 MAY 20 2 C,3,.01,BEST,.00x.01,.07,323.90%,1.14,,
10:52:55,8 MAY 20 1 C,2,.20,BEST,.18x.20,.73,266.81%,1.1375,,
10:52:39,15 JAN 21 1.5 C,2,.33,PHLX,.33x.36,.59,113.85%,1.1375,,
10:52:07,15 MAY 20 1 P,41,.08,PHLX,.07x.08,-.29,188.57%,1.1375,,
10:52:07,15 MAY 20 1 P,59,.08,PHLX,.07x.08,-.29,188.57%,1.1375,,
10:51:29,15 MAY 20 0.5 P,2,.02,PHLX,.01x.02,-.05,358.39%,1.13,,
10:51:23,5 JUN 20 1.5 C,3,.13,BEST,.11x.13,.40,180.55%,1.13,,
10:51:21,15 JAN 21 1.5 C,2,.33,BEST,.32x.33,.59,115.04%,1.13,,
10:51:04,8 MAY 20 1 C,1,.19,NYSE,.19x.20,.72,255.29%,1.13,,
10:51:03,15 JAN 21 1.5 C,1,.34,BATS,.32x.35,.59,117.74%,1.13,,
10:50:27,21 JAN 22 2 C,1,.50,BEST,.50x.60,.67,116.45%,1.1325,,
10:50:12,15 MAY 20 1 C,1,.22,NYSE,.22x.23,.71,195.69%,1.1325,,
10:49:58,15 MAY 20 1 C,3,.21,BEST,.20x.21,.71,180.97%,1.1325,,
10:49:58,15 MAY 20 1 C,1,.21,BEST,.20x.21,.71,180.97%,1.1325,,
10:49:53,5 JUN 20 1.5 C,4,.13,PHLX,.11x.13,.40,179.78%,1.1325,,
10:47:32,8 MAY 20 1 C,1,.20,BEST,.19x.20,.72,271.37%,1.135,,
10:47:15,15 MAY 20 1 P,1,.08,BOX,.07x.08,-.29,187.49%,1.135,,
10:45:46,15 MAY 20 1 P,12,.08,PHLX,.07x.08,-.29,187.49%,1.135,,
10:44:53,15 MAY 20 1.5 C,4,.06,BATS,.05x.06,.28,208.22%,1.1375,,
10:44:53,15 MAY 20 1.5 C,45,.06,BATS,.05x.06,.28,208.22%,1.1375,,
10:44:53,15 MAY 20 1.5 C,1,.06,BATS,.05x.06,.28,208.22%,1.1375,,
10:41:40,17 JUL 20 2.5 C,95,.05,CBOE,.05x.06,.17,137.57%,1.1375,,
10:40:51,8 MAY 20 1 P,1,.05,BEST,.05x.06,-.26,234.28%,1.135,,
10:40:23,8 MAY 20 0.5 C,1,.66,BOX,.62x.66,.94,633.29%,1.135,,
10:40:23,8 MAY 20 0.5 C,10,.66,BOX,.62x.66,.94,633.29%,1.135,,
10:40:23,8 MAY 20 0.5 C,1,.66,AMEX,.62x.66,.94,633.29%,1.135,,
10:40:23,8 MAY 20 0.5 C,6,.66,BEST,.62x.66,.94,633.29%,1.135,,
10:39:19,22 MAY 20 0.5 P,1,.02,AMEX,.01x.02,-.05,281.22%,1.1343,,
10:38:50,8 MAY 20 1 P,1,.05,PHLX,.05x.06,-.26,233.20%,1.1334,,
10:38:36,8 MAY 20 0.5 C,1,.64,NYSE,.63x.64,.97,461.77%,1.1334,,
10:38:36,8 MAY 20 0.5 C,1,.64,BATS,.62x.66,.97,461.77%,1.1334,,
10:37:28,8 MAY 20 1.5 P,2,.39,BEST,.39x.40,-.82,244.65%,1.13,,
10:36:30,8 MAY 20 1 P,1,.05,PHLX,.05x.06,-.26,234.28%,1.135,,
10:35:37,17 JUL 20 1 C,1,.37,AMEX,.35x.37,.71,156.74%,1.1348,,
10:35:37,17 JUL 20 1 C,1,.37,AMEX,.35x.37,.71,156.74%,1.1348,,
10:35:33,8 MAY 20 1.5 P,1,.40,AMEX,.39x.40,-.77,287.05%,1.1348,,
10:33:41,15 MAY 20 2.5 C,1,.01,BATS,.00x.01,.06,251.69%,1.135,,
10:31:39,17 JUL 20 2 C,1,.10,BATS,.10x.11,.29,143.60%,1.1325,,
10:30:42,17 JUL 20 1.5 P,1,.55,NYSE,.54x.55,-.51,151.62%,1.135,,
10:27:49,8 MAY 20 1 C,10,.19,PHLX,.18x.20,.74,241.31%,1.1375,,
10:25:55,15 JAN 21 1 C,1,.50,PHLX,.49x.52,.75,124.21%,1.13,,
10:25:24,15 JAN 21 0.5 C,1,.76,CBOE,.75x.78,.90,144.47%,1.13,,
10:25:18,15 JAN 21 1 C,1,.51,CBOE,.49x.55,.75,127.53%,1.13,,
10:23:12,15 MAY 20 2.5 C,1,.01,BATS,.00x.01,.06,252.36%,1.1325,,
10:23:11,22 MAY 20 1 P,100,.12,NASDAQ,.01x.13,-.30,191.74%,1.1325,,
10:23:11,22 MAY 20 1 P,1,.12,BATS,.12x.13,-.30,191.74%,1.1325,,
10:22:26,22 MAY 20 1.5 C,2,.10,NASDAQ,.07x.11,.36,209.80%,1.13,,
10:22:15,16 OCT 20 1 C,2,.48,NASDAQ,.45x.49,.74,147.98%,1.13,,
10:21:27,15 MAY 20 2.5 C,2,.01,BATS,.00x.01,.06,253.03%,1.13,,
10:20:24,8 MAY 20 1 P,5,.06,PHLX,.05x.06,-.28,257.31%,1.13,,
10:20:07,12 JUN 20 0.5 C,10,.65,CBOE,.04x4.55,.95,185.49%,1.13,,
10:19:51,21 JAN 22 3 C,7,.40,BEST,.39x.40,.57,117.06%,1.1301,,
10:19:14,21 JAN 22 0.5 C,1,.80,NASDAQ,.77x.80,.91,104.38%,1.1301,,
10:18:08,19 JUN 20 1 C,1,.33,NASDAQ,.32x.34,.70,173.62%,1.13,,
10:17:51,15 JAN 21 3.5 C,6,.09,BATS,.08x.09,.22,108.29%,1.13,,
10:15:45,15 MAY 20 1.5 C,1,.06,BEST,.05x.06,.28,209.28%,1.135,,
10:15:45,15 MAY 20 1.5 C,2,.06,BEST,.05x.06,.28,209.28%,1.135,,
10:14:29,15 MAY 20 1 P,8,.07,BEST,.07x.08,-.28,174.82%,1.14,,
10:14:28,15 MAY 20 1 P,10,.07,BATS,.06x.07,-.28,174.82%,1.14,,
10:14:28,15 MAY 20 1 P,1,.07,BATS,.07x.08,-.28,174.82%,1.14,,
10:13:52,16 OCT 20 1.5 C,2,.29,NASDAQ,.27x.29,.56,130.74%,1.1317,,
10:13:46,8 MAY 20 0.5 C,1,.63,PHLX,.62x.64,1.00,--,1.1317,,
10:11:50,8 MAY 20 1.5 C,1,.03,BEST,.03x.04,.19,268.79%,1.13,,
10:09:35,19 JUN 20 0.5 C,1,.69,NYSE,.69x.74,.92,234.53%,1.1375,,
10:07:26,17 JUL 20 2.5 C,8,.05,BATS,.04x.06,.17,137.90%,1.135,,
10:06:04,8 MAY 20 1.5 P,2,.39,PHLX,.39x.40,-.82,244.65%,1.13,,
10:06:03,8 MAY 20 1.5 C,199,.03,CBOE,.03x.04,.19,268.79%,1.13,,
10:05:27,22 MAY 20 1.5 C,2,.09,BEST,.09x.11,.34,197.01%,1.1356,,
10:05:27,22 MAY 20 1.5 C,2,.09,BEST,.09x.11,.34,197.01%,1.1356,,
10:05:27,22 MAY 20 1.5 C,1,.09,BEST,.09x.11,.34,197.01%,1.1356,,
10:04:27,15 JAN 21 1 C,1,.50,BEST,.49x.58,.75,121.75%,1.14,,
10:04:27,15 JAN 21 1 C,4,.50,BEST,.49x.50,.75,121.75%,1.14,,
10:02:39,8 MAY 20 1 P,30,.06,BEST,.05x.06,-.28,257.67%,1.1305,,
10:02:39,8 MAY 20 1 P,16,.06,BEST,.05x.06,-.28,257.67%,1.1305,,
10:02:39,8 MAY 20 1 P,10,.06,BEST,.05x.06,-.28,257.67%,1.1305,,
10:02:39,8 MAY 20 1 P,10,.06,BEST,.05x.06,-.28,257.67%,1.1305,,
10:02:39,8 MAY 20 1 P,1,.06,BEST,.05x.06,-.28,257.67%,1.1305,,
10:02:39,8 MAY 20 1 P,50,.06,NASDAQ,.05x.06,-.28,257.67%,1.1305,,
10:02:39,8 MAY 20 1 P,16,.06,NYSE,.05x.06,-.28,257.67%,1.1305,,
10:02:39,8 MAY 20 1 P,1,.06,NYSE,.05x.06,-.28,257.67%,1.1305,,
10:02:39,8 MAY 20 1 P,1,.06,NYSE,.05x.06,-.28,257.67%,1.1305,,
10:02:39,8 MAY 20 1 P,12,.06,NYSE,.05x.06,-.28,257.67%,1.1305,,
10:02:39,8 MAY 20 1 P,53,.06,BATS,.05x.06,-.28,257.67%,1.1305,,
10:01:38,22 MAY 20 0.5 P,4,.02,CBOE,.01x.02,-.05,280.38%,1.13,,
10:01:38,22 MAY 20 0.5 P,1,.02,AMEX,.01x.02,-.05,280.38%,1.13,,
10:00:27,19 JUN 20 1 P,15,.19,BEST,.18x.22,-.30,169.94%,1.13,,
10:00:00,21 JAN 22 0.5 C,1,.80,PHLX,.77x1.01,.91,104.42%,1.13,,
09:56:57,8 MAY 20 1.5 C,2,.04,BEST,.03x.04,.23,295.02%,1.135,,
09:56:54,29 MAY 20 0.5 C,1,.65,BATS,.62x.79,.96,217.26%,1.135,,
09:56:10,8 MAY 20 1 P,1,.06,BEST,.05x.06,-.27,260.84%,1.135,,
09:55:50,8 MAY 20 1 P,2,.06,BEST,.05x.06,-.28,257.31%,1.13,,
09:55:37,8 MAY 20 1.5 C,1,.03,BEST,.03x.04,.19,268.79%,1.13,,
09:53:35,8 MAY 20 1.5 C,10,.03,BEST,.03x.04,.19,268.49%,1.1305,,
09:51:56,8 MAY 20 2 P,4,.89,BEST,.88x.89,-.76,469.07%,1.1399,,
09:51:44,15 JAN 21 2.5 C,1,.18,BEST,.17x.18,.38,113.80%,1.1399,,
09:48:50,8 MAY 20 1 C,1,.20,PHLX,.19x.20,.71,281.00%,1.13,,
09:43:52,8 MAY 20 1.5 C,2,.04,BEST,.03x.04,.23,295.02%,1.135,,
09:43:52,8 MAY 20 1.5 C,1,.04,AMEX,.03x.04,.23,295.02%,1.135,,
09:43:36,15 MAY 20 2 C,4,.02,NASDAQ,.02x.03,.11,227.46%,1.135,,
09:43:36,15 MAY 20 2 C,13,.02,BEST,.02x.03,.11,227.46%,1.135,,
09:43:08,29 MAY 20 1.5 C,10,.10,BATS,.08x.14,.36,176.19%,1.135,,
09:42:16,15 MAY 20 1 P,2,.06,PHLX,.06x.07,-.28,155.59%,1.13,,
09:42:06,8 MAY 20 1 C,1,.19,NASDAQ,.18x.20,.72,255.29%,1.13,,
09:41:59,22 MAY 20 1 P,1,.12,PHLX,.12x.13,-.30,192.61%,1.135,,
09:41:53,22 MAY 20 1 C,1,.25,PHLX,.25x.27,.70,184.70%,1.135,,
09:41:01,15 MAY 20 0.5 C,1,.65,PHLX,.63x.66,.96,331.02%,1.135,,
09:40:38,17 JUL 20 1 C,30,.35,NYSE,.34x.35,.70,147.35%,1.13,,
09:38:56,17 JUL 20 2 C,1,.10,PHLX,.09x.11,.29,144.01%,1.13,,
09:38:43,8 MAY 20 1 P,1,.05,BEST,.05x.06,-.26,230.88%,1.13,,
09:38:40,8 MAY 20 1 P,2,.05,BEST,.05x.06,-.26,230.88%,1.13,,
09:37:34,8 MAY 20 1 C,1,.19,NYSE,.19x.20,.72,255.29%,1.13,,
09:37:28,8 MAY 20 1.5 C,2,.03,BOX,.03x.04,.19,268.79%,1.13,,
09:36:48,8 MAY 20 1 C,3,.20,BOX,.19x.20,.71,281.00%,1.13,,
09:36:34,8 MAY 20 1 P,1,.06,BEST,.05x.06,-.28,257.31%,1.13,,
09:36:34,8 MAY 20 1 P,8,.06,BEST,.05x.06,-.28,257.31%,1.13,,
09:36:34,8 MAY 20 1 P,1,.06,BEST,.05x.06,-.28,257.31%,1.13,,
09:34:49,8 MAY 20 1 C,7,.20,BOX,.19x.20,.73,262.39%,1.1399,,
09:34:00,17 JUL 20 0.5 P,10,.06,CBOE,.05x.06,-.08,198.71%,1.1399,,
09:34:00,17 JUL 20 0.5 P,4,.06,BEST,.05x.06,-.08,198.71%,1.1399,,
09:33:22,8 MAY 20 1 C,3,.20,PHLX,.19x.20,.71,281.00%,1.13,,
09:32:13,8 MAY 20 1 P,3,.05,NASDAQ,.05x.06,-.26,237.58%,1.1399,,
09:32:05,19 JUN 20 1.5 C,2,.15,PHLX,.14x.16,.43,160.42%,1.1399,,
09:31:32,5 JUN 20 1 C,3,.33,BATS,.30x.33,.70,205.51%,1.1355,,
09:30:36,8 MAY 20 1.5 C,50,.04,PHLX,.03x.04,.23,295.69%,1.1339,,
09:30:27,22 MAY 20 2 C,1,.05,PHLX,.03x.07,.20,228.81%,1.1339,,
09:30:17,22 MAY 20 2 C,1,.05,PHLX,.03x.07,.20,228.81%,1.1339,,
09:29:39,15 JAN 21 1 C,1,.48,BATS,.47x.50,.74,115.26%,1.1399,,
09:28:53,22 MAY 20 2 C,1,.05,PHLX,.03x.07,.20,227.13%,1.1399,,
09:28:03,22 MAY 20 2 C,1,.05,PHLX,.03x.07,.20,227.13%,1.1399,,
09:27:56,22 MAY 20 2 C,1,.05,PHLX,.03x.07,.20,228.51%,1.135,,
09:27:53,15 JAN 21 0.5 C,1,.75,CBOE,.71x.78,.91,135.47%,1.135,,
09:27:33,15 MAY 20 0.5 P,1,.02,PHLX,.01x.03,-.05,359.63%,1.135,,
09:27:32,15 MAY 20 0.5 P,2,.02,BEST,.01x.02,-.05,359.63%,1.135,,
09:27:32,15 MAY 20 0.5 P,1,.02,BEST,.01x.02,-.05,359.63%,1.135,,
09:27:32,15 MAY 20 0.5 P,1,.02,NYSE,.01x.02,-.05,359.63%,1.135,,
09:27:32,15 MAY 20 0.5 P,1,.02,BATS,.01x.02,-.05,359.63%,1.135,,
09:27:32,15 MAY 20 0.5 P,1,.02,BATS,.01x.02,-.05,359.63%,1.135,,
09:27:32,15 MAY 20 0.5 P,2,.02,BATS,.01x.03,-.05,359.63%,1.135,,
09:27:32,15 MAY 20 0.5 P,1,.02,BATS,.01x.03,-.05,359.63%,1.135,,
09:27:31,22 MAY 20 2 C,1,.06,PHLX,.05x.07,.22,242.66%,1.135,,
09:27:20,22 MAY 20 2 C,1,.06,NYSE,.05x.06,.22,242.66%,1.135,,
09:27:13,22 MAY 20 2 C,1,.06,CBOE,.05x.06,.22,242.66%,1.135,,
09:26:29,22 MAY 20 2 C,1,.05,PHLX,.04x.06,.20,228.51%,1.135,,
09:26:19,22 MAY 20 2 C,1,.05,PHLX,.04x.06,.20,228.51%,1.135,,
09:26:12,22 MAY 20 2 C,1,.05,PHLX,.04x.06,.20,228.51%,1.135,,
09:26:05,22 MAY 20 2 C,1,.05,PHLX,.04x.06,.20,228.51%,1.135,,
09:25:59,22 MAY 20 2 C,1,.05,PHLX,.04x.06,.20,228.51%,1.135,,
09:25:25,19 JUN 20 1 C,1,.34,BATS,.32x.35,.70,178.26%,1.135,,
09:25:21,22 MAY 20 2 C,1,.05,NYSE,.04x.05,.20,228.51%,1.135,,
09:24:32,29 MAY 20 2 C,3,.06,NYSE,.05x.06,.22,205.73%,1.135,,
09:24:32,29 MAY 20 2 C,18,.06,NYSE,.05x.06,.22,205.73%,1.135,,
09:23:38,8 MAY 20 0.5 C,2,.63,NASDAQ,.62x.78,.98,432.74%,1.125,,
09:23:38,22 MAY 20 1.5 P,2,.48,NYSE,.48x.50,-.62,222.75%,1.125,,
09:23:38,17 JUL 20 2.5 C,1,.05,BATS,.04x.05,.17,139.23%,1.125,,
09:23:04,29 MAY 20 2 C,3,.06,NYSE,.05x.06,.22,208.26%,1.125,,
09:23:04,29 MAY 20 2 C,7,.06,BEST,.05x.06,.22,208.26%,1.125,,
09:22:37,8 MAY 20 1.5 P,1,.40,NASDAQ,.39x.40,-.82,250.93%,1.12,,
09:21:54,5 JUN 20 1 P,1,.13,BEST,.13x.19,-.31,150.93%,1.125,,
09:21:51,15 MAY 20 2 C,1,.03,BEST,.02x.03,.14,255.37%,1.125,,
09:21:25,8 MAY 20 1.5 P,1,.40,NASDAQ,.39x.40,-.80,263.89%,1.125,,
09:18:34,19 JUN 20 2 C,3,.08,NASDAQ,.07x.09,.26,169.76%,1.1225,,
09:17:18,8 MAY 20 1 C,2,.19,BEST,.19x.20,.72,255.29%,1.13,,
09:17:09,8 MAY 20 1.5 C,1,.03,BEST,.03x.04,.19,268.79%,1.13,,
09:17:00,17 JUL 20 0.5 P,1,.05,BEST,.05x.06,-.08,184.71%,1.13,,
09:16:28,22 MAY 20 0.5 P,5,.02,BEST,.01x.02,-.05,278.42%,1.12,,
09:14:25,15 MAY 20 1 P,14,.07,BATS,.07x.08,-.29,168.12%,1.1245,,
09:14:25,15 MAY 20 1 P,44,.07,NASDAQ,.07x.08,-.29,168.12%,1.1245,,
09:14:25,15 MAY 20 1 P,4,.07,NYSE,.07x.08,-.29,168.12%,1.1245,,
09:14:25,15 MAY 20 1 P,2,.07,NYSE,.07x.08,-.29,168.12%,1.1245,,
09:14:25,15 MAY 20 1 P,15,.07,BEST,.07x.08,-.29,168.12%,1.1245,,
09:14:25,15 MAY 20 1 P,10,.07,BEST,.07x.08,-.29,168.12%,1.1245,,
09:14:25,15 MAY 20 1 P,11,.07,BEST,.07x.08,-.29,168.12%,1.1245,,
09:13:32,17 JUL 20 0.5 P,10,.05,BEST,.05x.06,-.08,184.82%,1.125,,
09:13:13,15 JAN 21 3 C,1,.12,BEST,.12x.13,.28,109.52%,1.125,,
09:13:12,5 JUN 20 0.5 P,6,.03,BOX,.01x.03,-.06,235.53%,1.125,,
09:13:12,5 JUN 20 0.5 P,2,.03,CBOE,.01x.03,-.06,235.53%,1.125,,
09:13:12,5 JUN 20 0.5 P,2,.03,AMEX,.01x.03,-.06,235.53%,1.125,,
09:12:45,8 MAY 20 1 C,2,.19,BEST,.19x.20,.71,273.73%,1.12,,
09:12:22,15 MAY 20 1.5 C,1,.05,BOX,.05x.06,.25,200.11%,1.12,,
09:12:20,17 JUL 20 0.5 P,10,.05,BEST,.05x.06,-.08,184.12%,1.12,,
09:11:51,5 JUN 20 0.5 P,10,.03,NYSE,.03x.05,-.06,235.92%,1.1275,,
09:11:35,17 JUL 20 0.5 P,10,.05,BEST,.05x.06,-.08,184.44%,1.1275,,
09:11:22,15 JAN 21 0.5 P,10,.12,BATS,.08x.15,-.10,146.70%,1.1275,,
09:11:14,5 JUN 20 0.5 P,10,.03,BATS,.01x.06,-.06,235.92%,1.1275,,
09:10:33,15 MAY 20 1.5 C,1,.05,PHLX,.05x.06,.25,200.11%,1.12,,
09:10:33,15 JAN 21 2.5 C,5,.15,BATS,.13x.17,.34,107.32%,1.12,,
09:09:50,15 MAY 20 2.5 C,1,.01,NASDAQ,.00x.05,.06,255.74%,1.12,,
09:09:28,15 MAY 20 1 P,10,.08,BEST,.07x.08,-.30,180.87%,1.12,,
09:09:02,15 JAN 21 1.5 C,2,.34,BATS,.31x.34,.59,119.36%,1.12,,
09:08:23,15 MAY 20 2.5 C,1,.01,BATS,.00x.01,.06,255.74%,1.12,,
09:08:23,8 MAY 20 1 C,1,.19,NYSE,.18x.19,.71,273.73%,1.12,,
09:08:23,8 MAY 20 1 C,1,.19,NASDAQ,.18x.19,.71,273.73%,1.12,,
09:08:23,8 MAY 20 1 C,2,.19,BATS,.18x.19,.71,273.73%,1.12,,
09:06:04,15 MAY 20 1.5 C,1,.05,BEST,.05x.06,.25,198.06%,1.125,,
09:05:17,19 JUN 20 2 C,6,.07,BEST,.07x.08,.24,161.31%,1.125,,
09:05:17,19 JUN 20 2 C,1,.07,AMEX,.07x.08,.24,161.31%,1.125,,
09:05:02,29 MAY 20 2 C,7,.06,BEST,.04x.06,.22,208.26%,1.125,,
09:04:54,8 MAY 20 1 P,3,.05,BEST,.05x.06,-.27,225.14%,1.12,,
09:04:44,19 JUN 20 2 C,10,.07,BOX,.07x.08,.24,162.27%,1.12,,
09:04:32,29 MAY 20 2 C,4,.06,NASDAQ,.04x.06,.22,209.53%,1.12,,
09:04:32,29 MAY 20 2 C,6,.06,BEST,.04x.06,.22,209.53%,1.12,,
09:04:17,8 MAY 20 1 C,1,.19,PHLX,.18x.19,.71,273.73%,1.12,,
09:04:15,19 JUN 20 2 C,4,.07,BEST,.07x.08,.24,162.27%,1.12,,
09:04:15,19 JUN 20 2 C,6,.07,BEST,.07x.08,.24,162.27%,1.12,,
09:03:57,29 MAY 20 2 C,10,.06,BOX,.05x.06,.22,209.53%,1.12,,
09:03:45,16 OCT 20 0.5 C,25,.72,AMEX,.72x.76,.90,158.22%,1.12,,
09:01:27,8 MAY 20 1 P,1,.05,BEST,.05x.06,-.27,225.14%,1.12,,
09:00:39,8 MAY 20 1 P,3,.06,PHLX,.05x.06,-.28,253.74%,1.125,,
09:00:20,22 MAY 20 1 P,1,.13,PHLX,.12x.14,-.31,200.46%,1.125,,
09:00:17,8 MAY 20 1 P,1,.06,BEST,.05x.06,-.28,253.74%,1.125,,
08:58:39,15 MAY 20 1 P,10,.08,PHLX,.07x.08,-.30,183.10%,1.125,,
08:56:24,15 MAY 20 1.5 C,2,.05,PHLX,.05x.06,.25,200.11%,1.12,,
08:56:21,15 MAY 20 1 P,1,.08,BEST,.07x.08,-.30,180.87%,1.12,,
08:56:17,16 OCT 20 1.5 C,1,.28,BATS,.27x.43,.55,129.56%,1.12,,
08:56:17,15 MAY 20 1.5 C,1,.06,BEST,.05x.06,.28,215.65%,1.12,,
08:56:12,8 MAY 20 1 C,3,.19,BEST,.18x.20,.71,273.73%,1.12,,
08:55:17,15 MAY 20 1.5 C,10,.06,PHLX,.05x.06,.28,213.52%,1.125,,
08:53:04,8 MAY 20 1 C,1,.18,BOX,.18x.20,.74,229.95%,1.1299,,
08:51:40,8 MAY 20 1 C,1,.18,PHLX,.18x.20,.72,239.11%,1.125,,
08:51:30,8 MAY 20 1 P,3,.05,BEST,.05x.06,-.27,228.68%,1.125,,
08:50:30,8 MAY 20 1 P,1,.06,BEST,.05x.06,-.28,253.74%,1.125,,
08:49:31,17 JUL 20 1 P,5,.23,PHLX,.21x.28,-.30,157.02%,1.125,,
08:46:58,15 MAY 20 1 C,10,.20,PHLX,.20x.21,.71,168.77%,1.13,,
08:45:30,15 MAY 20 1.5 C,5,.05,CBOE,.05x.06,.25,196.92%,1.1278,,
08:43:54,8 MAY 20 1 C,1,.17,PHLX,.16x.19,.75,206.72%,1.1284,,
08:43:15,8 MAY 20 1.5 C,1,.04,BEST,.03x.04,.22,297.75%,1.1284,,
08:42:56,8 MAY 20 1.5 C,2,.04,BEST,.03x.04,.23,299.97%,1.1275,,
08:42:03,8 MAY 20 1.5 P,3,.40,PHLX,.39x.41,-.79,270.13%,1.1275,,
08:42:03,15 MAY 20 0.5 C,2,.63,BEST,.60x.63,.99,229.83%,1.1275,,
08:41:50,19 JUN 20 1 C,1,.32,PHLX,.32x.36,.69,176.27%,1.11,,
08:41:36,19 JUN 20 1.5 C,3,.14,BATS,.13x.16,.41,162.02%,1.11,,
08:41:36,15 MAY 20 1.5 C,1,.05,ISE,.05x.06,.25,204.22%,1.11,,
08:41:36,8 MAY 20 1.5 C,1,.03,ISE,.03x.04,.19,280.86%,1.11,,
08:41:24,8 MAY 20 1 C,1,.17,NYSE,.17x.18,.71,241.70%,1.11,,
08:41:24,8 MAY 20 1 C,4,.17,NYSE,.17x.18,.71,241.70%,1.11,,
08:41:24,8 MAY 20 1 C,1,.17,PHLX,.16x.18,.71,241.70%,1.11,,
08:40:41,17 JUL 20 1.5 C,61,.16,BEST,.16x.18,.43,138.57%,1.105,,
08:40:41,5 JUN 20 1.5 C,61,.11,BEST,.09x.27,.37,172.33%,1.105,,
08:40:24,5 JUN 20 1 C,3,.32,NYSE,.32x.34,.68,214.80%,1.105,,
08:39:57,8 MAY 20 1 C,1,.18,CBOE,.17x.18,.69,272.32%,1.1064,,
08:39:28,8 MAY 20 1.5 C,2,.04,AMEX,.03x.04,.22,313.38%,1.1064,,
08:39:21,21 JAN 22 2 C,1,.40,BEST,.40x.60,.61,101.32%,1.1064,,
08:38:43,8 MAY 20 1 P,1,.06,BEST,.05x.06,-.30,238.99%,1.105,,
08:36:56,15 MAY 20 0.5 P,2,.01,BATS,.01x.02,-.04,297.24%,1.105,,
08:36:44,17 JUL 20 2.5 C,10,.04,BEST,.03x.04,.15,133.67%,1.105,,
08:36:06,8 MAY 20 1 C,1,.18,PHLX,.17x.18,.69,274.65%,1.105,,
08:35:37,22 MAY 20 1 P,1,.14,NASDAQ,.13x.14,-.33,204.50%,1.105,,
08:35:37,8 MAY 20 1.5 P,1,.42,NYSE,.41x.42,-.80,276.90%,1.105,,
08:35:11,17 JUL 20 2 C,8,.09,BEST,.08x.09,.28,142.31%,1.105,,
08:35:11,17 JUL 20 2 C,13,.09,BEST,.08x.09,.28,142.31%,1.105,,
08:35:11,17 JUL 20 2 C,22,.09,NASDAQ,.08x.09,.28,142.31%,1.105,,
08:35:11,17 JUL 20 2 C,3,.09,NYSE,.08x.09,.28,142.31%,1.105,,
08:35:11,17 JUL 20 2 C,4,.09,BATS,.08x.09,.28,142.31%,1.105,,
08:34:36,15 MAY 20 1 C,1,.20,BATS,.19x.21,.69,189.33%,1.1099,,
08:33:44,15 MAY 20 0.5 P,1,.01,NASDAQ,.00x.02,-.04,297.24%,1.105,,
08:33:32,15 MAY 20 1 C,2,.21,PHLX,.20x.21,.68,209.01%,1.105,,
08:32:58,8 MAY 20 1.5 P,2,.41,PHLX,.41x.42,-.82,257.31%,1.11,,
08:30:47,8 MAY 20 1.5 C,1,.04,AMEX,.03x.04,.22,310.95%,1.11,,
08:30:25,16 OCT 20 1 C,1,.44,BATS,.40x.47,.72,137.76%,1.11,,
08:29:57,8 MAY 20 1 P,3,.06,BEST,.05x.06,-.30,238.99%,1.105,,
08:29:12,17 JUL 20 0.5 P,14,.06,PHLX,.05x.07,-.09,194.92%,1.105,,
08:29:07,21 JAN 22 2 C,1,.40,NYSE,.30x.40,.61,101.47%,1.105,,
08:28:58,19 JUN 20 0.5 P,7,.03,BEST,.02x.03,-.07,195.13%,1.105,,
08:28:58,19 JUN 20 0.5 P,3,.03,NYSE,.02x.03,-.07,195.13%,1.105,,
08:28:58,19 JUN 20 0.5 P,4,.03,BATS,.02x.03,-.07,195.13%,1.105,,
08:28:43,17 JUL 20 0.5 P,14,.05,PHLX,.05x.07,-.08,182.20%,1.105,,
08:28:21,19 JUN 20 0.5 P,7,.03,NASDAQ,.02x.03,-.07,195.13%,1.105,,
08:28:21,19 JUN 20 0.5 P,3,.03,NYSE,.02x.03,-.07,195.13%,1.105,,
08:28:21,19 JUN 20 0.5 P,4,.03,BATS,.02x.03,-.07,195.13%,1.105,,
08:25:55,8 MAY 20 1 P,1,.06,BEST,.05x.06,-.29,242.75%,1.11,,
08:25:55,8 MAY 20 1 P,4,.06,BEST,.05x.06,-.29,242.75%,1.11,,
08:24:37,8 MAY 20 1 P,1,.05,BEST,.05x.06,-.29,212.72%,1.103,,
08:24:08,22 MAY 20 1.5 P,1,.48,PHLX,.48x.49,-.65,207.27%,1.103,,
08:23:42,15 JAN 21 0.5 C,1,.73,PHLX,.68x.78,.90,139.87%,1.105,,
08:22:52,15 JAN 21 1.5 C,2,.34,NASDAQ,.30x.37,.59,121.84%,1.105,,
08:22:37,15 MAY 20 1.5 C,1,.06,NYSE,.05x.06,.28,222.08%,1.105,,
08:22:13,5 JUN 20 0.5 P,5,.03,BEST,.00x.06,-.07,233.58%,1.105,,
08:22:04,21 JAN 22 0.5 C,3,.82,BEST,.76x.82,.91,122.05%,1.105,,
08:19:47,8 MAY 20 1 C,1,.16,BATS,.15x.16,.70,234.15%,1.10,,
08:19:47,8 MAY 20 1 C,1,.16,BATS,.15x.16,.70,234.15%,1.10,,
08:19:47,8 MAY 20 2 P,1,.90,BATS,.90x.91,-1.00,0.00%,1.10,,
08:18:52,8 MAY 20 1 P,1,.06,NASDAQ,.05x.06,-.30,235.19%,1.10,,
08:18:50,15 MAY 20 1 P,2,.09,BATS,.08x.09,-.32,186.22%,1.10,,
08:18:50,15 MAY 20 1 P,1,.09,BATS,.08x.09,-.32,186.22%,1.10,,
08:18:40,8 MAY 20 1 C,1,.17,NYSE,.16x.17,.69,258.63%,1.10,,
08:18:40,8 MAY 20 1 C,1,.17,BATS,.16x.17,.69,258.63%,1.10,,
08:18:40,8 MAY 20 1 C,4,.17,BATS,.16x.17,.69,258.63%,1.10,,
08:18:32,15 MAY 20 1.5 C,1,.06,NYSE,.05x.06,.27,224.24%,1.10,,
08:17:40,19 JUN 20 1.5 C,2,.14,PHLX,.13x.15,.41,164.70%,1.10,,
08:16:31,15 MAY 20 0.5 C,2,.61,BEST,.60x.61,.98,250.84%,1.1053,,
08:14:36,15 MAY 20 1.5 C,2,.06,CBOE,.05x.06,.27,224.15%,1.1002,,
08:13:45,15 MAY 20 0.5 C,1,.61,BEST,.60x.61,.96,292.30%,1.10,,
08:12:53,15 JAN 21 4 C,2,.08,PHLX,.06x.08,.20,114.38%,1.10,,
08:12:53,19 JUN 20 1 C,2,.33,PHLX,.27x.37,.69,188.24%,1.10,,
08:12:22,8 MAY 20 1.5 C,1,.04,AMEX,.03x.04,.22,317.38%,1.10,,
08:12:15,8 MAY 20 1 C,1,.16,PHLX,.16x.18,.70,234.15%,1.10,,
08:12:08,15 MAY 20 1 P,1,.10,BEST,.09x.10,-.33,200.80%,1.10,,
08:10:47,15 MAY 20 1 P,5,.10,BOX,.09x.10,-.32,205.48%,1.11,,
08:09:19,17 JUL 20 1.5 C,1,.16,PHLX,.15x.17,.43,139.69%,1.10,,
08:08:23,22 MAY 20 1.5 C,2,.09,NASDAQ,.08x.09,.33,210.37%,1.10,,
08:07:59,19 JUN 20 2 C,3,.07,BEST,.07x.08,.24,166.17%,1.1001,,
08:07:54,8 MAY 20 1.5 P,1,.42,PHLX,.41x.43,-.82,264.05%,1.1001,,
08:07:46,15 MAY 20 1 P,1,.09,PHLX,.08x.10,-.32,186.27%,1.1001,,
08:06:43,19 JUN 20 1.5 C,10,.15,ISE,.13x.15,.42,171.27%,1.10,,
08:06:43,22 MAY 20 1.5 C,10,.08,ISE,.08x.09,.32,198.75%,1.10,,
08:06:25,5 JUN 20 1.5 C,5,.12,BEST,.10x.12,.38,181.91%,1.10,,
08:05:51,8 MAY 20 1 P,8,.06,NASDAQ,.05x.06,-.30,235.19%,1.10,,
08:04:36,8 MAY 20 1 P,1,.05,PHLX,.05x.06,-.29,216.07%,1.1075,,
08:03:51,22 MAY 20 0.5 P,3,.02,AMEX,.01x.02,-.06,276.02%,1.10,,
08:03:51,22 MAY 20 0.5 P,4,.02,BEST,.01x.02,-.06,276.02%,1.10,,
07:59:56,8 MAY 20 0.5 C,1,.60,PHLX,.59x.63,1.00,0.00%,1.10,,
07:58:53,15 MAY 20 2 C,1,.03,BEST,.02x.03,.14,263.54%,1.10,,
07:56:50,17 JUL 20 1.5 C,20,.17,PHLX,.15x.17,.45,144.81%,1.10,,
07:56:31,19 JUN 20 0.5 C,15,.62,CBOE,.17x.66,.95,166.28%,1.10,,
07:56:20,8 MAY 20 1.5 C,1,.03,BEST,.03x.04,.19,286.95%,1.10,,
07:56:15,17 JUL 20 2 C,2,.09,BEST,.08x.09,.28,143.14%,1.10,,
07:56:15,17 JUL 20 2 C,1,.09,CBOE,.08x.09,.28,143.14%,1.10,,
07:56:15,17 JUL 20 2 C,2,.09,AMEX,.08x.09,.28,143.14%,1.10,,
07:55:39,29 MAY 20 1.5 C,1,.10,NYSE,.07x.10,.35,185.58%,1.1062,,
07:55:32,15 MAY 20 1 C,1,.21,BEST,.20x.21,.68,207.52%,1.1062,,
07:55:09,17 JUL 20 2 C,1,.09,BEST,.08x.09,.28,142.11%,1.1062,,
07:54:54,19 JUN 20 1.5 C,2,.14,BEST,.13x.15,.41,162.04%,1.1099,,
07:54:44,15 MAY 20 1.5 C,100,.06,PHLX,.05x.06,.28,219.97%,1.1099,,
07:54:38,17 JUL 20 0.5 P,5,.05,PHLX,.05x.07,-.08,182.80%,1.1099,,
07:54:26,8 MAY 20 1 C,2,.17,PHLX,.16x.19,.71,241.87%,1.1099,,
07:54:22,19 JUN 20 0.5 P,4,.04,AMEX,.01x.04,-.08,213.60%,1.1099,,
07:54:22,19 JUN 20 0.5 P,1,.04,AMEX,.01x.04,-.08,213.60%,1.1099,,
07:53:56,17 JUL 20 0.5 P,9,.06,PHLX,.05x.07,-.09,194.36%,1.10,,
07:53:27,22 MAY 20 1.5 P,1,.46,PHLX,.46x.50,-.70,181.06%,1.10,,
07:52:55,19 JUN 20 0.5 P,9,.04,BEST,.01x.04,-.08,212.26%,1.1001,,
07:52:39,8 MAY 20 1.5 C,2,.03,BEST,.03x.04,.19,286.89%,1.1001,,
07:51:16,8 MAY 20 1 C,1,.16,BATS,.15x.17,.70,234.15%,1.10,,
07:50:01,8 MAY 20 1 P,1,.05,BEST,.05x.06,-.29,214.21%,1.105,,
07:50:00,8 MAY 20 1.5 C,1,.03,BEST,.03x.04,.19,283.90%,1.105,,
07:49:32,15 MAY 20 1.5 C,1,.05,PHLX,.05x.06,.25,208.36%,1.10,,
07:48:25,19 JUN 20 1 C,5,.30,PHLX,.27x.37,.68,166.38%,1.101,,
07:48:10,8 MAY 20 1 C,1,.17,PHLX,.16x.17,.69,256.96%,1.101,,
07:48:09,15 JAN 21 1.5 C,9,.33,PHLX,.30x.37,.59,119.73%,1.101,,
07:48:08,15 JAN 21 1.5 C,7,.33,NASDAQ,.30x.37,.59,119.73%,1.101,,
07:48:02,15 JAN 21 1.5 C,4,.33,BATS,.30x.34,.59,119.73%,1.101,,
07:48:02,15 JAN 21 1.5 C,7,.33,BATS,.30x.33,.59,119.73%,1.101,,
07:48:02,15 JAN 21 1.5 C,19,.33,NASDAQ,.30x.33,.59,119.73%,1.101,,
07:48:02,15 JAN 21 1.5 C,2,.33,BATS,.30x.33,.59,119.73%,1.101,,
07:48:02,15 JAN 21 1.5 C,2,.33,CBOE,.30x.33,.59,119.73%,1.101,,
07:48:02,15 JAN 21 1.5 C,1,.33,AMEX,.30x.33,.59,119.73%,1.101,,
07:48:02,15 JAN 21 1.5 C,7,.33,BATS,.30x.33,.59,119.73%,1.101,,
07:48:02,15 JAN 21 1.5 C,5,.33,NYSE,.30x.33,.59,119.73%,1.101,,
07:48:02,15 JAN 21 1.5 C,24,.33,BATS,.30x.33,.59,119.73%,1.101,,
07:48:02,15 JAN 21 1.5 C,2,.33,BATS,.30x.33,.59,119.73%,1.101,,
07:48:02,15 JAN 21 1.5 C,2,.33,CBOE,.30x.33,.59,119.73%,1.101,,
07:48:02,15 JAN 21 1.5 C,2,.33,BATS,.30x.33,.59,119.73%,1.101,,
07:48:02,15 JAN 21 1.5 C,5,.33,BATS,.30x.33,.59,119.73%,1.101,,
07:48:02,15 JAN 21 1.5 C,5,.32,NASDAQ,.30x.33,.58,116.96%,1.101,,
07:48:02,15 JAN 21 1.5 C,30,.33,NASDAQ,.30x.33,.59,119.73%,1.101,,
07:48:02,15 JAN 21 1.5 C,2,.33,BEST,.30x.33,.59,119.73%,1.101,,
07:48:02,15 JAN 21 1.5 C,2,.33,CBOE,.30x.33,.59,119.73%,1.101,,
07:48:02,15 JAN 21 1.5 C,2,.33,AMEX,.30x.33,.59,119.73%,1.101,,
07:48:01,15 JAN 21 1.5 C,10,.33,BATS,.30x.33,.59,119.73%,1.101,,
07:48:01,15 JAN 21 1.5 C,7,.33,BATS,.30x.33,.59,119.73%,1.101,,
07:48:01,15 JAN 21 1.5 C,4,.33,BATS,.30x.33,.59,119.73%,1.101,,
07:48:01,15 JAN 21 1.5 C,17,.33,NASDAQ,.30x.33,.59,119.73%,1.101,,
07:48:01,15 JAN 21 1.5 C,2,.33,NYSE,.30x.33,.59,119.73%,1.101,,
07:48:01,15 JAN 21 1.5 C,10,.33,BEST,.30x.33,.59,119.73%,1.101,,
07:48:01,15 JAN 21 1.5 C,4,.33,CBOE,.30x.33,.59,119.73%,1.101,,
07:48:01,15 JAN 21 1.5 C,3,.33,CBOE,.30x.33,.59,119.73%,1.101,,
07:48:01,15 JAN 21 1.5 C,6,.33,CBOE,.30x.33,.59,119.73%,1.101,,
07:48:01,15 JAN 21 1.5 C,2,.33,BOX,.30x.33,.59,119.73%,1.101,,
07:48:01,15 JAN 21 1.5 C,1,.33,AMEX,.30x.33,.59,119.73%,1.101,,
07:47:40,15 JAN 21 1.5 C,62,.32,BEST,.30x.33,.58,115.53%,1.1099,,
07:47:40,15 JAN 21 1.5 C,6,.32,NASDAQ,.30x.32,.58,115.53%,1.1099,,
07:47:40,15 JAN 21 1.5 C,2,.32,BEST,.30x.32,.58,115.53%,1.1099,,
07:47:40,15 JAN 21 1.5 C,3,.32,BEST,.30x.32,.58,115.53%,1.1099,,
07:47:40,15 JAN 21 1.5 C,10,.32,BEST,.30x.32,.58,115.53%,1.1099,,
07:47:40,15 JAN 21 1.5 C,3,.32,CBOE,.30x.32,.58,115.53%,1.1099,,
07:47:40,15 JAN 21 1.5 C,3,.32,CBOE,.30x.32,.58,115.53%,1.1099,,
07:47:40,15 JAN 21 1.5 C,1,.32,CBOE,.30x.32,.58,115.53%,1.1099,,
07:47:40,15 JAN 21 1.5 C,2,.32,NYSE,.30x.32,.58,115.53%,1.1099,,
07:47:40,15 JAN 21 1.5 C,3,.32,NYSE,.30x.32,.58,115.53%,1.1099,,
07:47:40,15 JAN 21 1.5 C,3,.32,BATS,.30x.32,.58,115.53%,1.1099,,
07:47:40,15 JAN 21 1.5 C,3,.32,BATS,.30x.32,.58,115.53%,1.1099,,
07:47:33,15 MAY 20 1 P,1,.09,NASDAQ,.08x.10,-.31,190.82%,1.1099,,
07:47:21,15 MAY 20 3 C,9,.02,BOX,.02x.03,.08,340.56%,1.1099,,
07:46:49,8 MAY 20 1.5 P,1,.42,PHLX,.41x.43,-.78,289.34%,1.11,,
07:45:56,17 JUL 20 1 C,50,.33,PHLX,.31x.35,.69,144.82%,1.1075,,
07:44:19,15 MAY 20 1 C,20,.21,PHLX,.20x.22,.68,203.78%,1.11,,
07:44:10,8 MAY 20 1.5 P,1,.41,PHLX,.41x.43,-.82,257.31%,1.11,,
07:44:05,8 MAY 20 1 P,1,.06,BEST,.05x.06,-.29,242.75%,1.11,,
07:43:38,16 OCT 20 1.5 C,6,.25,AMEX,.25x.28,.52,123.04%,1.10,,
07:43:33,29 MAY 20 0.5 P,13,.02,BEST,.02x.03,-.06,234.41%,1.10,,
07:43:33,29 MAY 20 0.5 P,7,.02,BEST,.02x.03,-.06,234.41%,1.10,,
07:43:17,19 JUN 20 0.5 P,41,.04,PHLX,.00x.05,-.08,212.25%,1.10,,
07:42:52,8 MAY 20 1 P,4,.06,BEST,.05x.06,-.30,240.88%,1.1075,,
07:42:37,19 JUN 20 1.5 C,1,.12,BATS,.09x.15,.38,149.49%,1.1075,,
07:42:14,8 MAY 20 2.5 P,4,1.42,AMEX,1.36x1.42,-.67,690.89%,1.1075,,
07:42:12,8 MAY 20 1 P,3,.05,AMEX,.05x.06,-.29,216.07%,1.1075,,
07:41:24,8 MAY 20 1 C,20,.17,BOX,.15x.17,.71,241.70%,1.11,,
07:40:45,15 JAN 21 3 C,6,.12,BEST,.11x.12,.28,111.49%,1.103,,
07:39:49,22 MAY 20 1 P,1,.13,PHLX,.12x.14,-.32,195.06%,1.11,,
07:39:36,8 MAY 20 1 P,5,.06,BEST,.05x.06,-.29,242.75%,1.11,,
07:39:25,15 MAY 20 1 C,4,.22,BEST,.18x.22,.68,218.24%,1.11,,
07:39:25,15 MAY 20 1 C,5,.22,BEST,.18x.22,.68,218.24%,1.11,,
07:39:25,15 MAY 20 1 C,1,.22,AMEX,.18x.22,.68,218.24%,1.11,,
07:39:04,15 MAY 20 1 P,1,.09,PHLX,.08x.10,-.31,190.86%,1.11,,
07:38:44,8 MAY 20 1 C,1,.16,BATS,.15x.18,.68,250.78%,1.09,,
07:37:58,15 JAN 21 2.5 C,4,.14,PHLX,.14x.15,.33,107.33%,1.09,,
07:37:40,15 MAY 20 1 C,14,.20,NASDAQ,.18x.21,.66,208.73%,1.09,,
07:37:07,15 MAY 20 1 P,1,.10,PHLX,.09x.10,-.33,196.01%,1.09,,
07:36:17,8 MAY 20 0.5 C,1,.61,NASDAQ,.58x.62,.96,488.37%,1.10,,
07:36:15,8 MAY 20 1 P,7,.06,NASDAQ,.05x.06,-.30,235.19%,1.10,,
07:36:15,8 MAY 20 1 P,3,.06,BEST,.05x.06,-.30,235.19%,1.10,,
07:35:18,8 MAY 20 1 P,1,.06,BEST,.05x.06,-.30,234.65%,1.0993,,
07:35:17,8 MAY 20 1 P,1,.06,BEST,.05x.06,-.30,234.65%,1.0993,,
07:34:48,22 MAY 20 1 C,2,.25,BATS,.22x.28,.67,209.84%,1.1025,,
07:34:42,17 JUL 20 1 C,1,.33,NASDAQ,.20x.37,.69,146.74%,1.1025,,
07:34:42,17 JUL 20 1 P,1,.22,BATS,.21x.24,-.31,147.35%,1.1025,,
07:34:42,22 MAY 20 1.5 C,1,.09,BATS,.09x.10,.34,209.42%,1.1025,,
07:34:42,22 MAY 20 1.5 C,8,.09,BATS,.00x.10,.34,209.42%,1.1025,,
07:34:42,8 MAY 20 1 C,1,.17,BATS,.15x.18,.69,254.45%,1.1025,,
07:32:58,22 MAY 20 0.5 C,1,.64,BEST,.64x.66,.93,307.34%,1.11,,
07:32:58,8 MAY 20 2 P,1,.89,NASDAQ,.88x.89,-1.00,0.00%,1.11,,
07:32:58,15 MAY 20 1.5 P,1,.44,NASDAQ,.43x.46,-.73,210.07%,1.11,,
07:32:58,29 MAY 20 1 C,2,.29,BEST,.29x.30,.68,211.23%,1.11,,
07:32:57,29 MAY 20 1 C,1,.30,NASDAQ,.29x.31,.68,220.83%,1.11,,
07:32:57,15 MAY 20 1.5 P,1,.44,BATS,.43x.44,-.73,210.07%,1.11,,
07:32:57,16 OCT 20 0.5 C,1,.72,NASDAQ,.54x.73,.90,165.15%,1.11,,
07:31:45,8 MAY 20 1 P,1,.06,BEST,.05x.06,-.29,250.05%,1.1199,,
07:31:37,15 MAY 20 1 P,10,.10,PHLX,.09x.10,-.31,210.00%,1.1199,,
07:31:33,15 MAY 20 2.5 C,47,.01,BATS,.00x.01,.06,255.76%,1.1199,,
07:31:30,15 MAY 20 1 P,10,.10,PHLX,.09x.10,-.31,210.00%,1.1199,,
07:31:08,15 MAY 20 1 P,10,.09,BEST,.09x.10,-.31,195.61%,1.1199,,
07:30:44,8 MAY 20 1.5 C,1,.04,BEST,.03x.04,.23,305.06%,1.12,,
07:30:39,8 MAY 20 1.5 P,1,.42,PHLX,.41x.43,-.75,311.92%,1.12,,
07:30:30,15 MAY 20 1.5 P,42,.43,NASDAQ,.42x.44,-.72,205.65%,1.12,,
07:30:27,15 MAY 20 1.5 P,2,.43,NASDAQ,.42x.43,-.72,205.65%,1.12,,
07:30:27,8 MAY 20 1 C,1,.18,NASDAQ,.17x.19,.71,249.04%,1.12,,
07:30:27,8 MAY 20 1 C,1,.18,NASDAQ,.18x.19,.71,249.04%,1.12,,
07:30:27,8 MAY 20 1 C,1,.18,BATS,.18x.19,.71,249.04%,1.12,,
07:30:27,8 MAY 20 0.5 C,1,.62,BATS,.61x.64,1.00,0.00%,1.12,,
07:30:14,15 MAY 20 1.5 P,1,.43,NASDAQ,.42x.43,-.72,205.65%,1.12,,
07:30:14,15 MAY 20 1.5 P,1,.43,NASDAQ,.42x.43,-.72,205.65%,1.12,,
07:29:36,29 MAY 20 0.5 P,1,.03,BATS,.02x.03,-.06,266.27%,1.125,,
07:29:34,8 MAY 20 1 P,15,.05,BEST,.05x.06,-.27,228.68%,1.125,,
07:29:32,15 JAN 21 1 C,1,.48,NASDAQ,.46x.52,.74,118.86%,1.125,,
07:29:32,22 MAY 20 1.5 C,1,.09,BATS,.09x.10,.34,200.95%,1.125,,
07:29:07,19 JUN 20 1.5 C,4,.12,BEST,.09x.12,.39,145.05%,1.125,,
07:28:58,8 MAY 20 1 C,4,.19,PHLX,.18x.19,.71,273.73%,1.12,,
07:28:07,5 JUN 20 1.5 P,3,.51,CBOE,.44x.59,-.58,189.86%,1.12,,
07:28:07,5 JUN 20 1.5 P,2,.51,CBOE,.44x.59,-.58,189.86%,1.12,,
07:27:49,15 JAN 21 1 C,15,.46,NASDAQ,.46x.48,.73,113.54%,1.12,,
07:27:46,15 MAY 20 1 P,1,.09,NASDAQ,.08x.09,-.31,195.61%,1.12,,
07:27:38,21 JAN 22 2 C,3,.40,NYSE,.30x.40,.60,99.85%,1.12,,
07:26:07,16 OCT 20 1 C,1,.44,PHLX,.39x.49,.73,133.42%,1.125,,
07:25:49,8 MAY 20 1.5 C,2,.04,BEST,.03x.04,.23,305.06%,1.12,,
07:25:22,8 MAY 20 1.5 C,5,.03,CBOE,.03x.04,.19,274.77%,1.12,,
07:25:22,8 MAY 20 1.5 C,55,.03,CBOE,.03x.04,.19,274.77%,1.12,,
07:25:22,8 MAY 20 1.5 C,40,.03,CBOE,.03x.04,.19,274.77%,1.12,,
07:24:55,15 MAY 20 1 P,4,.08,PHLX,.08x.09,-.30,183.10%,1.125,,
07:24:54,15 MAY 20 1 P,7,.09,NASDAQ,.08x.10,-.30,197.76%,1.125,,
07:24:49,15 MAY 20 1 P,1,.08,PHLX,.08x.09,-.30,183.10%,1.125,,
07:23:21,8 MAY 20 1.5 P,8,.42,NASDAQ,.41x.42,-.74,322.64%,1.125,,
07:23:20,8 MAY 20 1.5 P,2,.42,CBOE,.41x.42,-.74,322.64%,1.125,,
07:23:05,15 MAY 20 1.5 C,1,.07,PHLX,.05x.06,.28,213.52%,1.125,,
07:23:05,15 MAY 20 1 C,1,.21,PHLX,.20x.23,.70,188.72%,1.125,,
07:22:54,8 MAY 20 1 P,1,.06,PHLX,.05x.06,-.29,250.12%,1.12,,
07:20:42,15 MAY 20 1 P,23,.10,NASDAQ,.08x.10,-.31,210.05%,1.12,,
07:20:42,15 MAY 20 1 P,2,.10,AMEX,.08x.10,-.31,210.05%,1.12,,
07:18:57,22 MAY 20 1.5 C,7,.10,BATS,.09x.11,.35,213.63%,1.12,,
07:18:57,22 MAY 20 1.5 C,1,.10,BATS,.10x.11,.35,213.63%,1.12,,
07:18:46,15 MAY 20 1.5 C,1,.05,BOX,.05x.06,.25,200.11%,1.12,,
07:18:32,15 MAY 20 2 C,16,.03,BATS,.02x.03,.14,256.99%,1.12,,
07:18:22,22 MAY 20 1 P,1,.14,PHLX,.13x.14,-.31,209.99%,1.12,,
07:17:39,15 MAY 20 1 C,5,.20,PHLX,.20x.23,.71,168.77%,1.13,,
07:16:32,22 MAY 20 1 P,12,.14,PHLX,.13x.14,-.31,209.99%,1.12,,
07:16:14,15 MAY 20 1 P,11,.09,NASDAQ,.08x.10,-.31,195.61%,1.12,,
07:15:11,15 MAY 20 1.5 P,1,.43,NASDAQ,.42x.44,-.72,208.50%,1.1225,,
07:15:10,15 MAY 20 1.5 P,1,.43,NYSE,.43x.44,-.72,208.50%,1.1225,,
07:15:10,15 MAY 20 1.5 P,5,.43,NASDAQ,.42x.44,-.72,208.50%,1.1225,,
07:15:09,15 MAY 20 1.5 P,7,.43,BATS,.42x.44,-.72,208.50%,1.1225,,
07:14:19,15 MAY 20 1.5 P,3,.42,BEST,.42x.44,-.74,195.62%,1.125,,
07:14:10,8 MAY 20 1 P,1,.06,PHLX,.05x.06,-.28,253.74%,1.125,,
07:14:00,15 JAN 21 5 C,50,.04,CBOE,.02x.06,.11,106.18%,1.125,,
07:13:56,8 MAY 20 1 C,1,.19,PHLX,.18x.19,.71,273.73%,1.12,,
07:13:51,15 MAY 20 1 C,2,.21,PHLX,.19x.22,.69,193.79%,1.12,,
07:13:44,29 MAY 20 1.5 P,1,.48,BOX,.45x.48,-.62,186.76%,1.12,,
07:13:20,15 JAN 21 1.5 C,1,.30,PHLX,.28x.32,.56,108.51%,1.12,,
07:13:04,8 MAY 20 1.5 P,1,.42,BOX,.42x.43,-.75,311.92%,1.12,,
07:12:43,29 MAY 20 1.5 P,1,.48,BATS,.45x.56,-.62,189.62%,1.125,,
07:12:33,8 MAY 20 1 P,1,.06,BEST,.05x.06,-.28,253.74%,1.125,,
07:12:27,8 MAY 20 1.5 C,1,.04,NYSE,.03x.04,.23,301.54%,1.125,,
07:12:27,8 MAY 20 1.5 C,3,.04,BEST,.03x.04,.23,301.54%,1.125,,
07:12:27,8 MAY 20 1.5 C,3,.04,BATS,.03x.05,.23,301.54%,1.125,,
07:12:27,8 MAY 20 1.5 C,4,.04,PHLX,.03x.05,.23,301.54%,1.125,,
07:12:17,15 MAY 20 1.5 C,1,.06,BEST,.05x.06,.28,213.52%,1.125,,
07:12:09,8 MAY 20 1 C,1,.18,NASDAQ,.17x.19,.72,239.11%,1.125,,
07:12:09,8 MAY 20 1 C,1,.18,CBOE,.17x.19,.72,239.11%,1.125,,
07:11:48,15 MAY 20 2 P,1,.88,BOX,.88x.91,-1.00,0.00%,1.12,,
07:11:45,15 JAN 21 1.5 C,2,.30,NASDAQ,.28x.32,.56,108.51%,1.12,,
07:11:40,8 MAY 20 1.5 P,1,.43,BEST,.41x.43,-.73,339.23%,1.12,,
07:11:34,8 MAY 20 1 C,1,.18,CBOE,.17x.19,.71,249.04%,1.12,,
07:11:34,8 MAY 20 1 C,1,.18,CBOE,.17x.19,.71,249.04%,1.12,,
07:11:06,12 JUN 20 1 P,1,.40,BEST,.12x.40,-.24,356.45%,1.12,,
07:10:57,22 MAY 20 1 P,1,.13,NASDAQ,.13x.14,-.31,198.68%,1.12,,
07:10:56,15 MAY 20 1.5 C,5,.06,CBOE,.05x.07,.28,215.65%,1.12,,
07:10:56,15 MAY 20 1.5 C,1,.06,BATS,.05x.07,.28,215.65%,1.12,,
07:10:56,15 MAY 20 1.5 C,4,.06,BATS,.05x.07,.28,215.65%,1.12,,
07:10:08,8 MAY 20 1 C,2,.18,NASDAQ,.16x.19,.71,249.04%,1.12,,
07:10:00,17 JUL 20 2 C,85,.08,CBOE,.08x.09,.26,133.83%,1.12,,
07:10:00,16 OCT 20 1.5 C,85,.30,CBOE,.25x.28,.55,129.56%,1.12,,
07:09:17,15 MAY 20 2 C,10,.03,BATS,.02x.03,.14,253.78%,1.1299,,
07:09:06,8 MAY 20 0.5 C,9,.62,PHLX,.61x.65,1.00,--,1.1299,,
07:07:49,15 MAY 20 1 P,1,.09,NASDAQ,.08x.09,-.30,196.65%,1.1225,,
07:07:26,8 MAY 20 1 C,1,.19,BEST,.19x.20,.71,269.41%,1.1225,,
07:07:17,15 MAY 20 2.5 C,7,.01,BATS,.00x.01,.06,255.06%,1.1225,,
07:07:09,29 MAY 20 1 P,3,.16,PHLX,.14x.16,-.31,198.45%,1.1225,,
07:07:01,8 MAY 20 0.5 P,1,.01,BOX,.00x.01,-.04,499.39%,1.1225,,
07:06:57,15 JAN 21 1 P,1,.35,BEST,.35x.37,-.25,126.65%,1.128,,
07:06:52,8 MAY 20 1 P,1,.06,BEST,.05x.06,-.28,255.89%,1.128,,
07:06:47,15 MAY 20 2 P,6,.89,CBOE,.88x.89,-.78,265.76%,1.128,,
07:06:17,29 MAY 20 1 P,2,.16,PHLX,.14x.16,-.31,200.12%,1.128,,
07:06:08,8 MAY 20 1 C,2,.20,BEST,.19x.20,.71,284.48%,1.128,,
07:05:48,22 MAY 20 1 P,50,.13,PHLX,.12x.13,-.31,198.68%,1.12,,
07:05:47,29 MAY 20 1 P,15,.16,PHLX,.14x.16,-.31,197.68%,1.12,,
07:05:43,16 OCT 20 3.5 C,35,.10,BOX,.05x.16,.24,140.94%,1.12,,
07:05:24,15 MAY 20 2 P,1,.89,BATS,.88x.89,-.80,252.00%,1.12,,
07:05:13,15 MAY 20 2 P,1,.89,BATS,.88x.89,-.80,252.00%,1.12,,
07:05:11,29 MAY 20 1 P,12,.15,BEST,.14x.16,-.31,188.11%,1.12,,
07:05:09,15 MAY 20 2 P,1,.89,BATS,.88x.89,-.80,252.00%,1.12,,
07:04:37,15 MAY 20 2 P,1,.89,BATS,.88x.89,-.79,261.45%,1.125,,
07:04:34,21 JAN 22 2 C,1,.38,BATS,.38x.60,.59,95.82%,1.125,,
07:04:30,15 MAY 20 2 P,1,.89,BATS,.88x.89,-.79,261.45%,1.125,,
07:04:30,8 MAY 20 1.5 C,1,.03,BEST,.03x.04,.19,271.78%,1.125,,
07:04:11,15 MAY 20 1.5 P,1,.44,PHLX,.42x.44,-.69,226.58%,1.125,,
07:03:51,29 MAY 20 1 P,6,.16,PHLX,.14x.16,-.31,199.97%,1.1275,,
07:03:39,8 MAY 20 1.5 C,1,.03,BEST,.03x.04,.19,270.28%,1.1275,,
07:03:29,29 MAY 20 1 P,1,.16,PHLX,.14x.16,-.31,199.97%,1.1275,,
07:03:19,8 MAY 20 1 P,1,.05,BEST,.05x.06,-.27,230.44%,1.1275,,
07:02:53,8 MAY 20 1 P,1,.06,PHLX,.05x.06,-.28,253.74%,1.125,,
07:01:53,8 MAY 20 1.5 C,3,.04,BEST,.03x.04,.23,303.12%,1.1225,,
07:01:53,8 MAY 20 1.5 C,2,.04,PHLX,.03x.05,.23,303.12%,1.1225,,
07:01:48,8 MAY 20 1.5 P,1,.43,BEST,.41x.43,-.72,344.00%,1.1225,,
07:01:48,8 MAY 20 1 C,1,.20,BEST,.19x.20,.70,293.92%,1.1225,,
07:01:26,8 MAY 20 1 P,2,.05,BEST,.05x.06,-.27,226.91%,1.1225,,
07:01:26,8 MAY 20 1 P,1,.05,BEST,.05x.06,-.27,226.91%,1.1225,,
07:01:24,8 MAY 20 0.5 C,2,.71,NYSE,.71x.81,.90,981.64%,1.1225,,
07:01:18,15 MAY 20 1.5 P,3,.45,BATS,.42x.45,-.67,239.27%,1.1225,,
07:01:11,21 JAN 22 2 C,1,.40,NYSE,.30x.40,.60,99.59%,1.1225,,
07:00:31,17 JUL 20 2 C,4,.09,BATS,.08x.12,.28,138.70%,1.127,,
07:00:15,21 JAN 22 2 C,1,.40,NYSE,.30x.40,.60,99.11%,1.127,,
07:00:04,8 MAY 20 1.5 C,1,.04,BATS,.03x.05,.23,300.28%,1.127,,
06:59:40,15 MAY 20 1 C,1,.22,PHLX,.18x.23,.70,201.21%,1.1271,,
06:59:26,16 OCT 20 1 C,1,.43,BEST,.39x.47,.72,128.86%,1.1271,,
06:59:22,8 MAY 20 1 C,1,.19,NYSE,.18x.19,.72,260.55%,1.1271,,
06:59:04,15 JAN 21 2 C,5,.21,CBOE,.18x.24,.44,107.30%,1.1271,,
06:58:37,29 MAY 20 1 P,2,.17,BEST,.15x.17,-.31,209.54%,1.1275,,
06:58:37,29 MAY 20 1 P,3,.17,BEST,.15x.17,-.31,209.54%,1.1275,,
06:58:36,22 MAY 20 1.5 C,2,.10,BEST,.10x.10,.35,210.75%,1.1275,,
06:57:59,8 MAY 20 1 C,1,.19,CBOE,.18x.19,.71,273.73%,1.12,,
06:57:58,8 MAY 20 1 C,1,.19,BATS,.18x.20,.71,273.73%,1.12,,
06:57:36,8 MAY 20 1 P,1,.05,BEST,.05x.06,-.27,225.14%,1.12,,
06:57:29,16 OCT 20 1 C,1,.46,BEST,.39x.46,.73,142.87%,1.12,,
06:57:29,16 OCT 20 1 C,1,.46,BEST,.39x.47,.73,142.87%,1.12,,
06:57:29,8 MAY 20 1.5 C,4,.04,BEST,.04x.05,.23,305.06%,1.12,,
06:57:24,8 MAY 20 1 P,7,.05,CBOE,.05x.06,-.27,225.14%,1.12,,
06:57:04,8 MAY 20 1 P,1,.06,NASDAQ,.05x.06,-.29,250.12%,1.12,,
06:56:54,19 JUN 20 1.5 C,2,.13,NASDAQ,.11x.13,.40,152.86%,1.12,,
06:56:37,8 MAY 20 0.5 C,1,.63,NASDAQ,.61x.65,.97,496.34%,1.12,,
06:56:14,8 MAY 20 1 P,1,.06,NASDAQ,.05x.06,-.29,250.12%,1.12,,
06:55:47,8 MAY 20 1.5 C,1,.04,BEST,.04x.05,.23,299.53%,1.1282,,
06:55:36,8 MAY 20 1.5 C,1,.05,AMEX,.04x.05,.25,326.76%,1.1282,,
06:55:22,8 MAY 20 1.5 C,1,.04,BEST,.04x.05,.23,299.53%,1.1282,,
06:55:05,8 MAY 20 1.5 C,1,.05,BEST,.04x.05,.25,326.76%,1.1282,,
06:54:51,8 MAY 20 1.5 C,1,.04,BEST,.04x.05,.23,301.54%,1.125,,
06:54:44,17 JUL 20 1 P,1,.22,BATS,.21x.24,-.30,151.28%,1.125,,
06:54:38,15 JAN 21 2.5 C,40,.12,CBOE,.10x.16,.30,97.91%,1.125,,
06:54:38,15 JAN 21 2.5 C,40,.12,CBOE,.10x.16,.30,97.91%,1.125,,
06:54:38,15 JAN 21 2.5 C,20,.12,CBOE,.10x.16,.30,97.91%,1.125,,
06:54:16,15 JAN 21 2.5 C,17,.12,CBOE,.10x.16,.30,97.91%,1.125,,
06:54:16,15 JAN 21 2.5 C,25,.12,CBOE,.10x.16,.30,97.91%,1.125,,
06:54:16,15 JAN 21 2.5 C,28,.12,CBOE,.10x.16,.30,97.91%,1.125,,
06:54:05,29 MAY 20 1 C,1,.27,BOX,.25x.27,.69,182.21%,1.125,,
06:54:01,8 MAY 20 1 C,1,.20,BEST,.19x.20,.71,289.65%,1.125,,
06:53:46,15 MAY 20 1.5 C,1,.05,BEST,.05x.06,.25,197.69%,1.1259,,
06:53:33,29 MAY 20 1 C,1,.28,CBOE,.25x.29,.69,191.21%,1.1259,,
06:53:31,8 MAY 20 1 P,3,.06,BEST,.05x.06,-.28,254.38%,1.1259,,
06:53:18,8 MAY 20 1 P,5,.05,AMEX,.05x.06,-.27,229.31%,1.1259,,
06:53:18,8 MAY 20 1 P,9,.05,AMEX,.05x.06,-.27,229.31%,1.1259,,
06:53:14,8 MAY 20 2.5 C,3,.01,BATS,.00x.01,.06,421.78%,1.1259,,
06:53:13,5 JUN 20 1.5 C,3,.10,PHLX,.09x.12,.36,158.15%,1.1259,,
06:53:12,29 MAY 20 1 P,1,.15,NASDAQ,.14x.16,-.31,189.90%,1.1259,,
06:53:09,8 MAY 20 2 C,12,.01,BEST,.00x.01,.07,330.45%,1.1259,,
06:53:05,8 MAY 20 2 P,1,.89,PHLX,.87x.90,-.78,432.88%,1.1259,,
06:52:49,15 MAY 20 1.5 P,1,.42,BOX,.42x.46,-.73,198.80%,1.1275,,
06:52:49,8 MAY 20 1 P,1,.06,AMEX,.05x.06,-.28,255.53%,1.1275,,
06:52:46,15 MAY 20 2.5 P,1,1.38,BATS,1.31x1.40,-.71,368.17%,1.1275,,
06:52:45,8 MAY 20 1.5 P,1,.42,PHLX,.41x.43,-.73,327.16%,1.1275,,
06:52:42,15 MAY 20 2 C,8,.02,BEST,.02x.03,.11,229.70%,1.1275,,
06:52:42,15 MAY 20 2 C,10,.02,BOX,.02x.03,.11,229.70%,1.1275,,
06:52:41,15 MAY 20 2 C,7,.02,NASDAQ,.01x.03,.11,229.70%,1.1275,,
06:52:41,15 MAY 20 2.5 P,1,1.38,BATS,1.31x1.38,-.71,368.17%,1.1275,,
06:52:38,15 MAY 20 2.5 P,1,1.38,BATS,1.30x1.38,-.71,368.17%,1.1275,,
06:52:38,8 MAY 20 1 C,1,.19,BATS,.19x.20,.72,259.83%,1.1275,,
06:52:38,8 MAY 20 1 C,1,.19,BATS,.19x.20,.72,259.83%,1.1275,,
06:52:11,5 JUN 20 2 C,5,.04,PHLX,.03x.09,.17,161.50%,1.1275,,
06:52:07,8 MAY 20 1 C,2,.19,BATS,.19x.20,.72,259.83%,1.1275,,
06:52:05,15 JAN 21 2.5 C,50,.12,CBOE,.10x.16,.30,97.68%,1.1275,,
06:52:05,15 JAN 21 2.5 C,50,.12,CBOE,.10x.16,.30,97.68%,1.1275,,
06:51:52,15 MAY 20 1.5 P,1,.42,BOX,.42x.45,-.72,201.15%,1.1299,,
06:51:25,8 MAY 20 1 C,1,.19,BATS,.18x.20,.72,255.47%,1.1299,,
06:51:25,8 MAY 20 2.5 P,5,1.34,NYSE,1.22x1.34,-1.00,--,1.1299,,
06:51:13,12 JUN 20 1 C,2,.36,BEST,.26x.36,.70,212.06%,1.1299,,
06:51:12,8 MAY 20 1 P,2,.06,BEST,.05x.06,-.28,257.24%,1.1299,,
06:50:37,16 OCT 20 1.5 C,10,.28,NASDAQ,.25x.29,.55,128.64%,1.125,,
06:50:37,15 MAY 20 1 P,1,.08,PHLX,.08x.09,-.30,183.10%,1.125,,
06:50:26,15 MAY 20 2.5 P,2,1.38,BATS,1.30x1.38,-.72,364.52%,1.125,,
06:50:13,15 JAN 21 2.5 C,5,.12,BEST,.10x.16,.30,97.91%,1.125,,
06:50:13,15 JAN 21 2.5 C,5,.12,BEST,.10x.16,.30,97.91%,1.125,,
06:50:08,15 MAY 20 1 P,10,.09,PHLX,.08x.10,-.30,197.76%,1.125,,
06:49:58,8 MAY 20 1.5 C,1,.04,BEST,.04x.05,.23,299.21%,1.1299,,
06:49:57,8 MAY 20 1 P,1,.06,NASDAQ,.05x.06,-.28,257.24%,1.1299,,
06:49:55,15 JAN 21 2.5 C,5,.12,BEST,.10x.16,.30,97.46%,1.1299,,
06:49:55,15 JAN 21 2.5 C,5,.12,BEST,.10x.16,.30,97.46%,1.1299,,
06:49:43,8 MAY 20 0.5 P,2,.01,BOX,.00x.01,-.03,502.27%,1.1299,,
06:49:25,19 JUN 20 1 C,1,.31,CBOE,.27x.35,.69,159.48%,1.1299,,
06:49:25,8 MAY 20 1.5 C,1,.05,BEST,.04x.05,.25,325.61%,1.1299,,
06:49:17,29 MAY 20 1 P,1,.15,NASDAQ,.14x.16,-.31,191.10%,1.1299,,
06:48:45,15 MAY 20 1 C,5,.22,PHLX,.19x.23,.70,203.34%,1.125,,
06:48:34,8 MAY 20 1 C,1,.18,BEST,.16x.20,.72,239.11%,1.125,,
06:48:29,8 MAY 20 1.5 C,1,.05,BEST,.04x.05,.25,328.93%,1.125,,
06:48:25,8 MAY 20 0.5 C,1,.64,PHLX,.63x.65,.96,547.82%,1.125,,
06:48:17,15 JAN 21 1.5 C,9,.32,BATS,.28x.36,.58,113.13%,1.125,,
06:48:14,16 OCT 20 1.5 C,1,.28,CBOE,.25x.29,.55,128.64%,1.125,,
06:48:12,15 JAN 21 1.5 C,16,.32,BATS,.32x.36,.58,113.13%,1.125,,
06:48:11,15 MAY 20 1 P,8,.08,BEST,.08x.10,-.30,183.10%,1.125,,
06:48:11,15 MAY 20 1 P,2,.08,BEST,.08x.10,-.30,183.10%,1.125,,
06:48:03,8 MAY 20 1.5 P,1,.41,BOX,.41x.44,-.77,294.19%,1.125,,
06:48:00,12 JUN 20 1.5 P,1,.53,BATS,.46x.60,-.55,188.95%,1.125,,
06:47:42,17 JUL 20 2 C,2,.07,PHLX,.07x.09,.24,127.57%,1.1199,,
06:47:42,17 JUL 20 2 C,3,.07,BATS,.06x.09,.24,127.57%,1.1199,,
06:47:42,17 JUL 20 2 C,5,.07,NASDAQ,.06x.07,.24,127.57%,1.1199,,
06:47:16,8 MAY 20 1.5 C,1,.04,BATS,.03x.04,.23,305.14%,1.1199,,
06:47:16,8 MAY 20 1.5 C,8,.04,NYSE,.03x.04,.23,305.14%,1.1199,,
06:47:15,17 JUL 20 1.5 C,1,.15,NASDAQ,.14x.17,.42,130.23%,1.1199,,
06:47:14,5 JUN 20 1.5 C,3,.09,CBOE,.08x.12,.34,151.77%,1.1199,,
06:47:04,5 JUN 20 1.5 C,3,.07,PHLX,.06x.12,.30,134.76%,1.1199,,
06:46:51,21 JAN 22 2 C,1,.40,PHLX,.30x.60,.61,102.02%,1.10,,
06:46:47,16 OCT 20 1 C,2,.45,BEST,.39x.45,.73,144.72%,1.10,,
06:46:33,8 MAY 20 1 C,3,.17,BATS,.16x.19,.69,258.63%,1.10,,
06:46:28,8 MAY 20 1 P,277,.07,BEST,.06x.08,-.31,259.65%,1.10,,
06:46:13,8 MAY 20 1 C,2,.17,BATS,.16x.17,.69,258.63%,1.10,,
06:45:58,29 MAY 20 0.5 C,2,.65,NYSE,.65x.70,.92,288.09%,1.109,,
06:45:50,8 MAY 20 1.5 P,1,.42,BEST,.42x.43,-.79,286.91%,1.109,,
06:45:49,15 MAY 20 0.5 C,18,.62,PHLX,.58x.64,.96,300.84%,1.109,,
06:45:49,15 MAY 20 0.5 C,82,.62,PHLX,.58x.64,.96,300.84%,1.109,,
06:45:48,15 MAY 20 1 C,1,.19,NASDAQ,.18x.21,.69,175.62%,1.109,,
06:45:29,8 MAY 20 1 P,10,.07,PHLX,.07x.08,-.30,266.54%,1.109,,
06:45:23,15 MAY 20 1.5 P,5,.46,BATS,.44x.47,-.68,240.80%,1.109,,
06:45:14,8 MAY 20 1 P,1,.08,AMEX,.07x.08,-.31,290.89%,1.109,,
06:45:04,8 MAY 20 1 C,10,.17,CBOE,.16x.17,.70,243.42%,1.109,,
06:44:50,8 MAY 20 1 P,1,.08,AMEX,.07x.08,-.32,281.79%,1.0975,,
06:44:41,8 MAY 20 1.5 C,7,.04,NYSE,.03x.04,.22,319.01%,1.0975,,
06:44:41,8 MAY 20 1.5 C,1,.04,NASDAQ,.03x.04,.22,319.01%,1.0975,,
06:44:34,17 JUL 20 1.5 C,3,.14,NASDAQ,.14x.15,.41,129.90%,1.0975,,
06:44:31,8 MAY 20 1 C,1,.16,BATS,.15x.17,.69,238.37%,1.0975,,
06:44:31,8 MAY 20 1 C,1,.16,BEST,.15x.16,.69,238.37%,1.0975,,
06:44:13,22 MAY 20 1 P,50,.14,PHLX,.12x.15,-.33,201.68%,1.0975,,
06:44:11,21 JAN 22 1 C,1,.53,BEST,.53x.71,.76,88.38%,1.0975,,
06:44:07,29 MAY 20 1 P,10,.17,NYSE,.17x.18,-.33,200.14%,1.0975,,
06:43:39,8 MAY 20 1.5 C,8,.04,BEST,.03x.04,.22,317.38%,1.10,,
06:43:39,8 MAY 20 1.5 C,1,.04,BEST,.03x.04,.22,317.38%,1.10,,
06:43:39,8 MAY 20 1.5 C,1,.04,BEST,.03x.04,.22,317.38%,1.10,,
06:43:25,8 MAY 20 1 P,1,.07,BEST,.07x.08,-.31,259.65%,1.10,,
06:43:22,21 JAN 22 1 C,4,.53,BEST,.53x.68,.76,87.95%,1.10,,
06:43:14,8 MAY 20 1.5 C,1,.03,BEST,.03x.04,.19,286.95%,1.10,,
06:43:12,22 MAY 20 1 P,10,.13,BOX,.13x.15,-.33,191.35%,1.10,,
06:42:56,8 MAY 20 1 P,14,.07,NASDAQ,.06x.08,-.32,255.75%,1.095,,
06:42:56,8 MAY 20 1 P,8,.07,NASDAQ,.06x.07,-.32,255.75%,1.095,,
06:42:40,8 MAY 20 1 P,1,.07,CBOE,.06x.08,-.32,255.75%,1.095,,
06:42:21,15 MAY 20 1.5 P,1,.46,BATS,.46x.47,-.71,224.95%,1.095,,
06:42:21,8 MAY 20 1 C,6,.15,BEST,.14x.15,.70,218.00%,1.095,,
06:42:21,15 MAY 20 1 P,1,.10,NASDAQ,.08x.11,-.33,198.42%,1.095,,
06:42:21,15 JAN 21 0.5 C,5,.71,BATS,.67x.76,.90,133.04%,1.095,,
06:41:44,15 MAY 20 3 C,66,.01,PHLX,.01x.02,.05,306.46%,1.085,,
06:41:43,12 JUN 20 1.5 P,1,.53,PHLX,.46x.60,-.60,172.00%,1.085,,
06:41:28,8 MAY 20 2.5 P,5,1.43,BATS,1.36x1.43,-.68,674.51%,1.085,,
06:41:15,8 MAY 20 1 C,10,.14,NYSE,.13x.14,.69,210.20%,1.085,,
06:40:57,22 MAY 20 1 C,1,.20,BATS,.17x.22,.65,170.03%,1.0802,,
06:40:57,8 MAY 20 1 P,10,.08,PHLX,.06x.08,-.34,267.99%,1.0802,,
06:40:41,8 MAY 20 2.5 C,1,.01,NASDAQ,.00x.10,.06,442.93%,1.0802,,
06:40:37,8 MAY 20 1 C,3,.14,BEST,.13x.14,.68,218.11%,1.0802,,
06:40:36,15 MAY 20 1 P,10,.11,AMEX,.10x.11,-.35,205.65%,1.0802,,
06:40:28,8 MAY 20 1 C,6,.14,CBOE,.13x.15,.68,218.11%,1.0802,,
06:40:28,8 MAY 20 1 C,6,.14,CBOE,.13x.15,.68,218.11%,1.0802,,
06:40:28,22 MAY 20 1 C,1,.21,BEST,.21x.22,.65,181.33%,1.0802,,
06:40:21,15 MAY 20 1 P,10,.11,BEST,.10x.11,-.35,205.65%,1.0802,,
06:40:00,29 MAY 20 1.5 C,4,.09,BEST,.04x.10,.33,184.74%,1.0802,,
06:39:59,29 MAY 20 1.5 C,1,.10,BEST,.09x.11,.35,190.94%,1.09,,
06:39:51,15 MAY 20 1.5 C,150,.06,PHLX,.05x.06,.27,228.58%,1.09,,
06:39:46,15 MAY 20 3 C,1,.05,NYSE,.05x.12,.16,425.79%,1.09,,
06:39:17,8 MAY 20 1 C,1,.14,BATS,.13x.15,.70,201.78%,1.09,,
06:39:03,8 MAY 20 1 C,1,.14,BEST,.13x.14,.70,201.78%,1.09,,
06:38:59,8 MAY 20 1 C,2,.14,NASDAQ,.13x.14,.67,224.90%,1.076,,
06:38:59,8 MAY 20 1 C,13,.14,NASDAQ,.13x.15,.67,224.90%,1.076,,
06:38:59,8 MAY 20 1 P,96,.08,BATS,.08x.09,-.34,264.54%,1.076,,
06:38:59,8 MAY 20 1 P,10,.08,BATS,.08x.09,-.34,264.54%,1.076,,
06:38:59,8 MAY 20 1 P,3,.08,NASDAQ,.07x.09,-.34,264.54%,1.076,,
06:38:50,15 MAY 20 2 P,5,.95,BOX,.95x.98,-.75,307.76%,1.076,,
06:38:47,8 MAY 20 1.5 C,19,.03,NYSE,.03x.04,.19,301.78%,1.076,,
06:38:47,8 MAY 20 1.5 C,1,.03,BEST,.03x.04,.19,301.78%,1.076,,
06:38:37,15 MAY 20 1 C,1,.18,PHLX,.16x.19,.65,193.10%,1.076,,
06:38:33,8 MAY 20 1 P,10,.09,BEST,.08x.09,-.35,288.67%,1.076,,
06:38:33,8 MAY 20 1 C,2,.14,BEST,.13x.14,.67,224.90%,1.076,,
06:38:28,8 MAY 20 0.5 P,1,.01,BOX,.00x.01,-.04,484.62%,1.076,,
06:38:27,15 MAY 20 1 P,9,.11,BEST,.10x.11,-.35,203.52%,1.076,,
06:38:27,15 MAY 20 1 P,2,.11,BEST,.10x.11,-.35,203.52%,1.076,,
06:38:27,8 MAY 20 1 P,1,.09,BEST,.08x.09,-.35,288.67%,1.076,,
06:38:14,19 JUN 20 1 P,1,.17,BATS,.17x.22,-.34,143.49%,1.076,,
06:38:00,5 JUN 20 1.5 C,1,.14,BATS,.04x.24,.41,205.68%,1.076,,
06:38:00,5 JUN 20 1.5 C,1,.14,BATS,.04x.24,.41,205.68%,1.076,,
06:38:00,5 JUN 20 1.5 C,2,.14,BEST,.14x.24,.41,205.68%,1.076,,
06:37:56,15 JAN 21 2.5 C,1,.14,BATS,.10x.14,.33,108.58%,1.0775,,
06:37:56,8 MAY 20 1 P,5,.09,BEST,.08x.09,-.34,289.92%,1.0775,,
06:37:33,8 MAY 20 1 C,20,.14,CBOE,.13x.14,.67,222.48%,1.0775,,
06:37:26,15 JAN 21 1.5 C,30,.31,ISE,.25x.39,.57,117.98%,1.0775,,
06:37:26,15 JAN 21 2 C,30,.20,ISE,.17x.24,.43,110.47%,1.0775,,
06:37:23,15 MAY 20 1 P,1,.11,BEST,.10x.11,-.35,204.28%,1.0775,,
06:37:20,8 MAY 20 1.5 C,2,.03,BATS,.03x.04,.19,300.85%,1.0775,,
06:36:59,15 MAY 20 0.5 P,9,.01,BEST,.00x.01,-.04,295.15%,1.085,,
06:36:59,15 MAY 20 0.5 P,91,.01,PHLX,.00x.02,-.04,295.15%,1.085,,
06:36:52,8 MAY 20 1 C,1,.13,NYSE,.12x.13,.70,185.49%,1.085,,
06:36:51,8 MAY 20 1 P,5,.08,PHLX,.08x.09,-.33,271.88%,1.085,,
06:36:51,8 MAY 20 1.5 C,50,.03,PHLX,.03x.04,.19,296.18%,1.085,,
06:36:46,15 MAY 20 0.5 P,10,.01,BEST,.00x.01,-.04,295.15%,1.085,,
06:36:44,15 JAN 21 1 C,12,.41,BEST,.41x.50,.71,105.54%,1.085,,
06:36:44,15 JAN 21 1 C,3,.41,NASDAQ,.41x.50,.71,105.54%,1.085,,
06:36:38,8 MAY 20 1.5 C,2,.03,BATS,.03x.04,.19,296.18%,1.085,,
06:36:37,15 MAY 20 1 P,2,.10,PHLX,.10x.11,-.34,193.56%,1.085,,
06:36:24,8 MAY 20 1 P,1,.09,BEST,.08x.09,-.34,296.08%,1.085,,
06:36:12,8 MAY 20 1 P,1,.08,BATS,.08x.09,-.33,271.88%,1.085,,
06:36:00,8 MAY 20 1 C,1,.14,NYSE,.12x.14,.69,210.20%,1.085,,
06:35:50,8 MAY 20 1 C,2,.15,NASDAQ,.11x.15,.69,226.40%,1.09,,
06:35:47,8 MAY 20 1.5 C,1,.03,PHLX,.03x.04,.19,293.09%,1.09,,
06:35:47,8 MAY 20 1.5 C,1,.03,BATS,.03x.04,.19,293.09%,1.09,,
06:35:39,5 JUN 20 1.5 C,2,.15,CBOE,.15x.16,.42,209.05%,1.09,,
06:35:39,5 JUN 20 1.5 C,6,.15,BATS,.14x.16,.42,209.05%,1.09,,
06:35:32,15 MAY 20 1.5 C,3,.06,BEST,.05x.06,.27,228.58%,1.09,,
06:35:31,19 JUN 20 0.5 P,1,.03,NYSE,.00x.03,-.07,192.97%,1.09,,
06:35:26,17 JUL 20 1.5 C,1,.14,PHLX,.13x.15,.41,131.50%,1.09,,
06:35:25,8 MAY 20 1.5 C,1,.03,CBOE,.03x.04,.19,293.09%,1.09,,
06:35:16,15 MAY 20 1 P,10,.11,BEST,.10x.11,-.34,210.51%,1.09,,
06:35:09,8 MAY 20 1.5 P,1,.44,NASDAQ,.41x.46,-.78,302.88%,1.09,,
06:35:01,15 MAY 20 1 C,1,.18,ISE,.16x.21,.67,179.76%,1.09,,
06:35:01,15 MAY 20 1.5 C,1,.05,ISE,.05x.06,.25,212.51%,1.09,,
06:34:56,8 MAY 20 1 P,1,.08,BATS,.08x.09,-.33,273.89%,1.0875,,
06:34:54,29 MAY 20 0.5 P,6,.04,NYSE,.04x.06,-.08,284.91%,1.0875,,
06:34:38,8 MAY 20 1 P,1,.09,AMEX,.08x.09,-.33,298.10%,1.0875,,
06:34:32,8 MAY 20 1 P,2,.09,AMEX,.08x.09,-.33,298.10%,1.0875,,
06:34:30,22 MAY 20 2 C,1,.03,BATS,.00x.04,.14,209.08%,1.0875,,
06:34:23,15 MAY 20 1.5 P,3,.47,BATS,.43x.50,-.71,232.47%,1.0875,,
06:34:11,8 MAY 20 1 P,1,.08,PHLX,.08x.09,-.33,273.89%,1.0875,,
06:33:58,22 MAY 20 1.5 C,20,.05,BEST,.04x.05,.25,169.10%,1.0802,,
06:33:51,8 MAY 20 1 P,1,.08,PHLX,.08x.09,-.34,267.99%,1.0802,,
06:33:49,8 MAY 20 1 P,1,.09,BATS,.08x.10,-.34,292.15%,1.0802,,
06:33:47,15 MAY 20 1 P,1,.10,BEST,.10x.12,-.34,191.18%,1.0802,,
06:33:46,22 MAY 20 2 C,1,.04,BEST,.04x.08,.17,228.83%,1.0802,,
06:33:41,8 MAY 20 1 P,1,.10,AMEX,.09x.10,-.34,316.21%,1.0802,,
06:33:28,15 MAY 20 1 P,1,.11,BEST,.10x.11,-.35,205.65%,1.0802,,
06:33:28,15 MAY 20 1 P,5,.11,PHLX,.11x.12,-.35,205.65%,1.0802,,
06:33:25,8 MAY 20 0.5 P,1,.01,BEST,.00x.01,-.04,486.65%,1.0802,,
06:33:22,8 MAY 20 1.5 C,2,.04,BATS,.03x.04,.22,330.47%,1.0802,,
06:33:22,8 MAY 20 1.5 C,3,.04,BATS,.03x.04,.22,330.47%,1.0802,,
06:33:18,22 MAY 20 1 P,1,.13,PHLX,.12x.13,-.34,183.72%,1.0802,,
06:33:14,22 MAY 20 1.5 C,2,.07,BATS,.04x.09,.29,194.09%,1.0802,,
06:33:06,12 JUN 20 1 C,2,.29,BEST,.29x.58,.67,183.93%,1.0802,,
06:33:04,29 MAY 20 1.5 C,1,.10,PHLX,.09x.11,.35,194.22%,1.0802,,
06:32:35,29 MAY 20 1.5 C,1,.10,PHLX,.09x.12,.35,194.29%,1.08,,
06:32:29,15 MAY 20 0.5 P,5,.01,BEST,.00x.01,-.04,293.68%,1.08,,
06:32:29,15 MAY 20 0.5 P,1,.01,BEST,.00x.01,-.04,293.68%,1.08,,
06:32:22,8 MAY 20 1.5 C,1,.03,NASDAQ,.03x.04,.19,299.29%,1.08,,
06:32:22,8 MAY 20 1.5 C,5,.03,BATS,.03x.04,.19,299.29%,1.08,,
06:32:18,17 JUL 20 1.5 C,1,.15,BATS,.14x.16,.42,138.93%,1.08,,
06:32:01,16 OCT 20 1 C,1,.43,BATS,.29x.56,.72,142.46%,1.08,,
06:31:56,15 MAY 20 1.5 C,10,.05,PHLX,.05x.07,.25,208.32%,1.1001,,
06:31:50,16 OCT 20 3.5 C,10,.06,BEST,.00x.09,.17,124.05%,1.1001,,
06:31:48,8 MAY 20 1 P,1,.08,BEST,.08x.08,-.32,283.82%,1.1001,,
06:31:48,8 MAY 20 1 P,1,.08,BEST,.08x.08,-.32,283.82%,1.1001,,
06:31:45,16 OCT 20 3 C,1,.07,PHLX,.03x.10,.20,118.29%,1.1001,,
06:31:35,29 MAY 20 1.5 C,2,.09,AMEX,.09x.14,.34,178.26%,1.1001,,
06:31:35,29 MAY 20 1.5 C,1,.09,AMEX,.09x.14,.34,178.26%,1.1001,,
06:31:26,15 MAY 20 2.5 C,1,.02,BATS,.00x.04,.09,298.09%,1.1001,,
06:31:25,8 MAY 20 1 P,1,.08,BEST,.07x.08,-.32,283.82%,1.1001,,
06:31:24,15 MAY 20 1.5 P,1,.45,NYSE,.42x.45,-.72,215.03%,1.1001,,
06:31:18,17 JUL 20 0.5 P,2,.06,BEST,.00x.07,-.09,194.37%,1.1001,,
06:31:09,22 MAY 20 1 P,14,.12,BEST,.12x.13,-.33,180.08%,1.1001,,
06:31:04,8 MAY 20 1.5 C,2,.05,BEST,.03x.06,.25,345.93%,1.1001,,
06:30:16,15 MAY 20 1 P,278,.10,BEST,.00x.10,-.29,223.29%,1.15,,
06:30:16,17 JUL 20 2 C,1,.08,BEST,.06x.11,.26,129.10%,1.15,,
06:30:16,17 JUL 20 2 C,6,.08,PHLX,.08x.11,.26,129.10%,1.15,,
06:30:11,8 MAY 20 1 P,2,.07,AMEX,.07x.08,-.27,296.15%,1.15,,
06:30:11,8 MAY 20 1 P,2,.07,AMEX,.07x.08,-.27,296.15%,1.15,,
06:30:11,8 MAY 20 1 P,26,.07,BEST,.07x.08,-.27,296.15%,1.15,,
06:30:11,8 MAY 20 1 P,2,.07,CBOE,.07x.08,-.27,296.15%,1.15,,
06:30:08,8 MAY 20 1 P,1,.07,BEST,.06x.08,-.27,296.15%,1.15,,
06:30:08,8 MAY 20 1 P,1,.07,PHLX,.06x.07,-.27,296.15%,1.15,,
06:30:08,8 MAY 20 1 P,1,.07,BEST,.06x.07,-.27,296.15%,1.15,,
06:30:08,8 MAY 20 1.5 C,1,.05,BEST,.05x.06,.26,312.11%,1.15,,
06:30:08,8 MAY 20 0.5 C,1,.63,CBOE,.57x.67,1.00,--,1.15,,
06:30:08,8 MAY 20 1 P,1,.07,CBOE,.06x.07,-.27,296.15%,1.15,,
06:30:08,15 MAY 20 1.5 C,1,.07,CBOE,.05x.08,.30,217.51%,1.15,,
06:30:08,17 JUL 20 1.5 C,1,.16,CBOE,.15x.18,.44,128.75%,1.15,,
06:30:08,15 JAN 21 1 C,1,.49,CBOE,.41x.50,.74,116.07%,1.15,,
06:30:06,8 MAY 20 1.5 C,2,.06,BATS,.05x.07,.28,337.08%,1.15,,
06:30:05,22 MAY 20 2 C,1,.07,BATS,.03x.10,.24,251.04%,1.15,,
06:30:04,8 MAY 20 1 P,1,.07,BATS,.05x.07,-.27,296.15%,1.15,,
06:30:04,8 MAY 20 1 P,1,.07,BATS,.05x.07,-.27,296.15%,1.15,,
06:30:04,21 JAN 22 1 C,2,.65,BEST,.09x1.00,.80,106.65%,1.15,,
06:30:04,15 JAN 21 2 C,1,.27,BEST,.13x.31,.49,120.33%,1.15,,
06:30:04,8 MAY 20 1 P,1,.07,AMEX,.06x.07,-.27,296.15%,1.15,,
06:30:02,15 MAY 20 1 P,1,.10,BEST,.00x.10,-.29,223.29%,1.15,,
06:30:01,15 JAN 21 2 C,1,.24,PHLX,.13x.32,.47,112.51%,1.15,,
06:30:01,17 JUL 20 1 C,3,.34,PHLX,.32x.34,.71,133.86%,1.15,,
06:30:01,8 MAY 20 1 P,165,.06,PHLX,.05x.07,-.26,270.08%,1.15,,
06:30:01,29 MAY 20 1.5 C,2,.15,PHLX,.00x.15,.43,214.61%,1.15,,
06:30:00,17 JUL 20 2.5 C,1,.06,BEST,.00x.06,.19,143.31%,1.15,,
06:30:00,8 MAY 20 2.5 C,1,.10,BEST,.00x.49,.26,730.27%,1.15,,
06:30:00,15 JAN 21 1 C,1,.56,BEST,.03x.90,.77,139.22%,1.15,,
06:30:00,8 MAY 20 1 C,11,.26,BEST,.00x.72,.71,392.59%,1.15,,
06:30:00,15 MAY 20 1.5 C,1,.08,BEST,.05x.12,.32,231.97%,1.15,,
06:30:00,17 JUL 20 3 C,1,.06,BEST,.00x.06,.18,163.38%,1.15,,
06:30:00,17 JUL 20 2 C,6,.09,PHLX,.00x.28,.28,135.00%,1.15,,
06:30:00,17 JUL 20 1.5 C,15,.17,PHLX,.00x.37,.45,133.83%,1.15,,
06:30:00,8 MAY 20 2.5 C,2,.03,PHLX,.00x.10,.12,516.02%,1.15,,
06:30:00,8 MAY 20 1 C,5,.24,PHLX,.22x.28,.72,344.18%,1.15,,
06:30:00,15 MAY 20 1.5 C,1,.09,PHLX,.05x.15,.34,245.55%,1.15,,
06:30:00,17 JUL 20 2 C,4,.09,PHLX,.00x.28,.28,135.00%,1.15,,
06:30:00,21 JAN 22 2.5 C,1,.37,PHLX,.00x1.07,.56,102.16%,1.15,,
06:30:00,8 MAY 20 1 P,15,.06,PHLX,.01x.07,-.26,270.08%,1.15,,
06:30:00,21 JAN 22 1 C,1,.65,PHLX,.00x1.24,.80,106.65%,1.15,,
06:30:00,21 JAN 22 1.5 C,31,.50,PHLX,.34x1.16,.69,99.50%,1.15,,
